#pragma once

#include "type_defs.h"

namespace inditrans::generated {

// Deduplicated length-prefixed UTF-8 pool.
// Each entry is: [byte length][UTF-8 bytes][NUL].
inline constexpr std::array<uint8_t, 11706> scriptStringPool = {
  // 0: "অ"
  0x03, 0xe0, 0xa6, 0x85, 0x00,
  // 5: "আ"
  0x03, 0xe0, 0xa6, 0x86, 0x00,
  // 10: "ই"
  0x03, 0xe0, 0xa6, 0x87, 0x00,
  // 15: "ঈ"
  0x03, 0xe0, 0xa6, 0x88, 0x00,
  // 20: "উ"
  0x03, 0xe0, 0xa6, 0x89, 0x00,
  // 25: "ঊ"
  0x03, 0xe0, 0xa6, 0x8a, 0x00,
  // 30: "ঋ"
  0x03, 0xe0, 0xa6, 0x8b, 0x00,
  // 35: "ৠ"
  0x03, 0xe0, 0xa7, 0xa0, 0x00,
  // 40: "ঌ"
  0x03, 0xe0, 0xa6, 0x8c, 0x00,
  // 45: "ৡ"
  0x03, 0xe0, 0xa7, 0xa1, 0x00,
  // 50: "এ᳴"
  0x06, 0xe0, 0xa6, 0x8f, 0xe1, 0xb3, 0xb4, 0x00,
  // 58: "এ"
  0x03, 0xe0, 0xa6, 0x8f, 0x00,
  // 63: "ঐ"
  0x03, 0xe0, 0xa6, 0x90, 0x00,
  // 68: "ও᳴"
  0x06, 0xe0, 0xa6, 0x93, 0xe1, 0xb3, 0xb4, 0x00,
  // 76: "ও"
  0x03, 0xe0, 0xa6, 0x93, 0x00,
  // 81: "ঔ"
  0x03, 0xe0, 0xa6, 0x94, 0x00,
  // 86: "এˇ"
  0x05, 0xe0, 0xa6, 0x8f, 0xcb, 0x87, 0x00,
  // 93: "আ᳴"
  0x06, 0xe0, 0xa6, 0x86, 0xe1, 0xb3, 0xb4, 0x00,
  // 101: "্"
  0x03, 0xe0, 0xa7, 0x8d, 0x00,
  // 106: "া"
  0x03, 0xe0, 0xa6, 0xbe, 0x00,
  // 111: "ি"
  0x03, 0xe0, 0xa6, 0xbf, 0x00,
  // 116: "ী"
  0x03, 0xe0, 0xa7, 0x80, 0x00,
  // 121: "ু"
  0x03, 0xe0, 0xa7, 0x81, 0x00,
  // 126: "ূ"
  0x03, 0xe0, 0xa7, 0x82, 0x00,
  // 131: "ৃ"
  0x03, 0xe0, 0xa7, 0x83, 0x00,
  // 136: "ৄ"
  0x03, 0xe0, 0xa7, 0x84, 0x00,
  // 141: "ৢ"
  0x03, 0xe0, 0xa7, 0xa2, 0x00,
  // 146: "ৣ"
  0x03, 0xe0, 0xa7, 0xa3, 0x00,
  // 151: "ে᳴"
  0x06, 0xe0, 0xa7, 0x87, 0xe1, 0xb3, 0xb4, 0x00,
  // 159: "ে"
  0x03, 0xe0, 0xa7, 0x87, 0x00,
  // 164: "ৈ"
  0x03, 0xe0, 0xa7, 0x88, 0x00,
  // 169: "ো᳴"
  0x06, 0xe0, 0xa7, 0x8b, 0xe1, 0xb3, 0xb4, 0x00,
  // 177: "ো"
  0x03, 0xe0, 0xa7, 0x8b, 0x00,
  // 182: "ৌ"
  0x03, 0xe0, 0xa7, 0x8c, 0x00,
  // 187: "েˇ"
  0x05, 0xe0, 0xa7, 0x87, 0xcb, 0x87, 0x00,
  // 194: "া᳴"
  0x06, 0xe0, 0xa6, 0xbe, 0xe1, 0xb3, 0xb4, 0x00,
  // 202: "ক"
  0x03, 0xe0, 0xa6, 0x95, 0x00,
  // 207: "খ"
  0x03, 0xe0, 0xa6, 0x96, 0x00,
  // 212: "গ"
  0x03, 0xe0, 0xa6, 0x97, 0x00,
  // 217: "ঘ"
  0x03, 0xe0, 0xa6, 0x98, 0x00,
  // 222: "ঙ"
  0x03, 0xe0, 0xa6, 0x99, 0x00,
  // 227: "চ"
  0x03, 0xe0, 0xa6, 0x9a, 0x00,
  // 232: "ছ"
  0x03, 0xe0, 0xa6, 0x9b, 0x00,
  // 237: "জ"
  0x03, 0xe0, 0xa6, 0x9c, 0x00,
  // 242: "ঝ"
  0x03, 0xe0, 0xa6, 0x9d, 0x00,
  // 247: "ঞ"
  0x03, 0xe0, 0xa6, 0x9e, 0x00,
  // 252: "ট"
  0x03, 0xe0, 0xa6, 0x9f, 0x00,
  // 257: "ঠ"
  0x03, 0xe0, 0xa6, 0xa0, 0x00,
  // 262: "ড"
  0x03, 0xe0, 0xa6, 0xa1, 0x00,
  // 267: "ঢ"
  0x03, 0xe0, 0xa6, 0xa2, 0x00,
  // 272: "ণ"
  0x03, 0xe0, 0xa6, 0xa3, 0x00,
  // 277: "ত"
  0x03, 0xe0, 0xa6, 0xa4, 0x00,
  // 282: "থ"
  0x03, 0xe0, 0xa6, 0xa5, 0x00,
  // 287: "দ"
  0x03, 0xe0, 0xa6, 0xa6, 0x00,
  // 292: "ধ"
  0x03, 0xe0, 0xa6, 0xa7, 0x00,
  // 297: "ন"
  0x03, 0xe0, 0xa6, 0xa8, 0x00,
  // 302: "প"
  0x03, 0xe0, 0xa6, 0xaa, 0x00,
  // 307: "ফ"
  0x03, 0xe0, 0xa6, 0xab, 0x00,
  // 312: "ব"
  0x03, 0xe0, 0xa6, 0xac, 0x00,
  // 317: "ভ"
  0x03, 0xe0, 0xa6, 0xad, 0x00,
  // 322: "ম"
  0x03, 0xe0, 0xa6, 0xae, 0x00,
  // 327: "য"
  0x03, 0xe0, 0xa6, 0xaf, 0x00,
  // 332: "ৰ"
  0x03, 0xe0, 0xa7, 0xb0, 0x00,
  // 337: "ল"
  0x03, 0xe0, 0xa6, 0xb2, 0x00,
  // 342: "ৱ"
  0x03, 0xe0, 0xa7, 0xb1, 0x00,
  // 347: "শ"
  0x03, 0xe0, 0xa6, 0xb6, 0x00,
  // 352: "ষ"
  0x03, 0xe0, 0xa6, 0xb7, 0x00,
  // 357: "স"
  0x03, 0xe0, 0xa6, 0xb8, 0x00,
  // 362: "হ"
  0x03, 0xe0, 0xa6, 0xb9, 0x00,
  // 367: "ল়"
  0x06, 0xe0, 0xa6, 0xb2, 0xe0, 0xa6, 0xbc, 0x00,
  // 375: "ষ়"
  0x06, 0xe0, 0xa6, 0xb7, 0xe0, 0xa6, 0xbc, 0x00,
  // 383: "ৰ়"
  0x06, 0xe0, 0xa7, 0xb0, 0xe0, 0xa6, 0xbc, 0x00,
  // 391: "ন়"
  0x06, 0xe0, 0xa6, 0xa8, 0xe0, 0xa6, 0xbc, 0x00,
  // 399: "ক়"
  0x06, 0xe0, 0xa6, 0x95, 0xe0, 0xa6, 0xbc, 0x00,
  // 407: "খ়"
  0x06, 0xe0, 0xa6, 0x96, 0xe0, 0xa6, 0xbc, 0x00,
  // 415: "গ়"
  0x06, 0xe0, 0xa6, 0x97, 0xe0, 0xa6, 0xbc, 0x00,
  // 423: "জ়"
  0x06, 0xe0, 0xa6, 0x9c, 0xe0, 0xa6, 0xbc, 0x00,
  // 431: "ড়"
  0x03, 0xe0, 0xa7, 0x9c, 0x00,
  // 436: "ঢ়"
  0x03, 0xe0, 0xa7, 0x9d, 0x00,
  // 441: "ফ়"
  0x06, 0xe0, 0xa6, 0xab, 0xe0, 0xa6, 0xbc, 0x00,
  // 449: "য়"
  0x03, 0xe0, 0xa7, 0x9f, 0x00,
  // 454: "ঁˆগ"
  0x08, 0xe0, 0xa6, 0x81, 0xcb, 0x86, 0xe0, 0xa6, 0x97, 0x00,
  // 464: "ঁˆজ"
  0x08, 0xe0, 0xa6, 0x81, 0xcb, 0x86, 0xe0, 0xa6, 0x9c, 0x00,
  // 474: "ঁˆড"
  0x08, 0xe0, 0xa6, 0x81, 0xcb, 0x86, 0xe0, 0xa6, 0xa1, 0x00,
  // 484: "ঁˆদ"
  0x08, 0xe0, 0xa6, 0x81, 0xcb, 0x86, 0xe0, 0xa6, 0xa6, 0x00,
  // 494: "ঁˆব"
  0x08, 0xe0, 0xa6, 0x81, 0xcb, 0x86, 0xe0, 0xa6, 0xac, 0x00,
  // 504: "ঁ"
  0x03, 0xe0, 0xa6, 0x81, 0x00,
  // 509: "ং"
  0x03, 0xe0, 0xa6, 0x82, 0x00,
  // 514: "ঃ"
  0x03, 0xe0, 0xa6, 0x83, 0x00,
  // 519: "ঃʼ"
  0x05, 0xe0, 0xa6, 0x83, 0xca, 0xbc, 0x00,
  // 526: "০"
  0x03, 0xe0, 0xa7, 0xa6, 0x00,
  // 531: "১"
  0x03, 0xe0, 0xa7, 0xa7, 0x00,
  // 536: "২"
  0x03, 0xe0, 0xa7, 0xa8, 0x00,
  // 541: "৩"
  0x03, 0xe0, 0xa7, 0xa9, 0x00,
  // 546: "৪"
  0x03, 0xe0, 0xa7, 0xaa, 0x00,
  // 551: "৫"
  0x03, 0xe0, 0xa7, 0xab, 0x00,
  // 556: "৬"
  0x03, 0xe0, 0xa7, 0xac, 0x00,
  // 561: "৭"
  0x03, 0xe0, 0xa7, 0xad, 0x00,
  // 566: "৮"
  0x03, 0xe0, 0xa7, 0xae, 0x00,
  // 571: "৯"
  0x03, 0xe0, 0xa7, 0xaf, 0x00,
  // 576: "ওঁ"
  0x06, 0xe0, 0xa6, 0x93, 0xe0, 0xa6, 0x81, 0x00,
  // 584: "।"
  0x03, 0xe0, 0xa5, 0xa4, 0x00,
  // 589: "॥"
  0x03, 0xe0, 0xa5, 0xa5, 0x00,
  // 594: "ঽ"
  0x03, 0xe0, 0xa6, 0xbd, 0x00,
  // 599: "ꣳ"
  0x03, 0xea, 0xa3, 0xb3, 0x00,
  // 604: "ꣴ"
  0x03, 0xea, 0xa3, 0xb4, 0x00,
  // 609: "assamese"
  0x08, 0x61, 0x73, 0x73, 0x61, 0x6d, 0x65, 0x73, 0x65, 0x00,
  // 619: "র"
  0x03, 0xe0, 0xa6, 0xb0, 0x00,
  // 624: "ভ়"
  0x06, 0xe0, 0xa6, 0xad, 0xe0, 0xa6, 0xbc, 0x00,
  // 632: "র়"
  0x06, 0xe0, 0xa6, 0xb0, 0xe0, 0xa6, 0xbc, 0x00,
  // 640: "bengali"
  0x07, 0x62, 0x65, 0x6e, 0x67, 0x61, 0x6c, 0x69, 0x00,
  // 649: "အ"
  0x03, 0xe1, 0x80, 0xa1, 0x00,
  // 654: "အာ"
  0x06, 0xe1, 0x80, 0xa1, 0xe1, 0x80, 0xac, 0x00,
  // 662: "ဣ"
  0x03, 0xe1, 0x80, 0xa3, 0x00,
  // 667: "ဤ"
  0x03, 0xe1, 0x80, 0xa4, 0x00,
  // 672: "ဥ"
  0x03, 0xe1, 0x80, 0xa5, 0x00,
  // 677: "ဦ"
  0x03, 0xe1, 0x80, 0xa6, 0x00,
  // 682: "ၒ"
  0x03, 0xe1, 0x81, 0x92, 0x00,
  // 687: "ၓ"
  0x03, 0xe1, 0x81, 0x93, 0x00,
  // 692: "ၔ"
  0x03, 0xe1, 0x81, 0x94, 0x00,
  // 697: "ၕ"
  0x03, 0xe1, 0x81, 0x95, 0x00,
  // 702: "ဧʽ"
  0x05, 0xe1, 0x80, 0xa7, 0xca, 0xbd, 0x00,
  // 709: "ဧ"
  0x03, 0xe1, 0x80, 0xa7, 0x00,
  // 714: "အဲ"
  0x06, 0xe1, 0x80, 0xa1, 0xe1, 0x80, 0xb2, 0x00,
  // 722: "ဩʽ"
  0x05, 0xe1, 0x80, 0xa9, 0xca, 0xbd, 0x00,
  // 729: "ဩ"
  0x03, 0xe1, 0x80, 0xa9, 0x00,
  // 734: "ဪ"
  0x03, 0xe1, 0x80, 0xaa, 0x00,
  // 739: "အာʽ"
  0x08, 0xe1, 0x80, 0xa1, 0xe1, 0x80, 0xac, 0xca, 0xbd, 0x00,
  // 749: "်"
  0x03, 0xe1, 0x80, 0xba, 0x00,
  // 754: "ာ"
  0x03, 0xe1, 0x80, 0xac, 0x00,
  // 759: "ိ"
  0x03, 0xe1, 0x80, 0xad, 0x00,
  // 764: "ီ"
  0x03, 0xe1, 0x80, 0xae, 0x00,
  // 769: "ု"
  0x03, 0xe1, 0x80, 0xaf, 0x00,
  // 774: "ူ"
  0x03, 0xe1, 0x80, 0xb0, 0x00,
  // 779: "ၖ"
  0x03, 0xe1, 0x81, 0x96, 0x00,
  // 784: "ၗ"
  0x03, 0xe1, 0x81, 0x97, 0x00,
  // 789: "ၘ"
  0x03, 0xe1, 0x81, 0x98, 0x00,
  // 794: "ၙ"
  0x03, 0xe1, 0x81, 0x99, 0x00,
  // 799: "ေʽ"
  0x05, 0xe1, 0x80, 0xb1, 0xca, 0xbd, 0x00,
  // 806: "ေ"
  0x03, 0xe1, 0x80, 0xb1, 0x00,
  // 811: "ဲ"
  0x03, 0xe1, 0x80, 0xb2, 0x00,
  // 816: "ောʽ"
  0x08, 0xe1, 0x80, 0xb1, 0xe1, 0x80, 0xac, 0xca, 0xbd, 0x00,
  // 826: "ော"
  0x06, 0xe1, 0x80, 0xb1, 0xe1, 0x80, 0xac, 0x00,
  // 834: "ော်"
  0x09, 0xe1, 0x80, 0xb1, 0xe1, 0x80, 0xac, 0xe1, 0x80, 0xba, 0x00,
  // 845: "ာʽ"
  0x05, 0xe1, 0x80, 0xac, 0xca, 0xbd, 0x00,
  // 852: "က"
  0x03, 0xe1, 0x80, 0x80, 0x00,
  // 857: "ခ"
  0x03, 0xe1, 0x80, 0x81, 0x00,
  // 862: "ဂ"
  0x03, 0xe1, 0x80, 0x82, 0x00,
  // 867: "ဃ"
  0x03, 0xe1, 0x80, 0x83, 0x00,
  // 872: "င"
  0x03, 0xe1, 0x80, 0x84, 0x00,
  // 877: "စ"
  0x03, 0xe1, 0x80, 0x85, 0x00,
  // 882: "ဆ"
  0x03, 0xe1, 0x80, 0x86, 0x00,
  // 887: "ဇ"
  0x03, 0xe1, 0x80, 0x87, 0x00,
  // 892: "ဈ"
  0x03, 0xe1, 0x80, 0x88, 0x00,
  // 897: "ဉ"
  0x03, 0xe1, 0x80, 0x89, 0x00,
  // 902: "ဋ"
  0x03, 0xe1, 0x80, 0x8b, 0x00,
  // 907: "ဌ"
  0x03, 0xe1, 0x80, 0x8c, 0x00,
  // 912: "ဍ"
  0x03, 0xe1, 0x80, 0x8d, 0x00,
  // 917: "ဎ"
  0x03, 0xe1, 0x80, 0x8e, 0x00,
  // 922: "ဏ"
  0x03, 0xe1, 0x80, 0x8f, 0x00,
  // 927: "တ"
  0x03, 0xe1, 0x80, 0x90, 0x00,
  // 932: "ထ"
  0x03, 0xe1, 0x80, 0x91, 0x00,
  // 937: "ဒ"
  0x03, 0xe1, 0x80, 0x92, 0x00,
  // 942: "ဓ"
  0x03, 0xe1, 0x80, 0x93, 0x00,
  // 947: "န"
  0x03, 0xe1, 0x80, 0x94, 0x00,
  // 952: "ပ"
  0x03, 0xe1, 0x80, 0x95, 0x00,
  // 957: "ဖ"
  0x03, 0xe1, 0x80, 0x96, 0x00,
  // 962: "ဗ"
  0x03, 0xe1, 0x80, 0x97, 0x00,
  // 967: "ဘ"
  0x03, 0xe1, 0x80, 0x98, 0x00,
  // 972: "မ"
  0x03, 0xe1, 0x80, 0x99, 0x00,
  // 977: "ယ"
  0x03, 0xe1, 0x80, 0x9a, 0x00,
  // 982: "ရ"
  0x03, 0xe1, 0x80, 0x9b, 0x00,
  // 987: "လ"
  0x03, 0xe1, 0x80, 0x9c, 0x00,
  // 992: "ဝ"
  0x03, 0xe1, 0x80, 0x9d, 0x00,
  // 997: "ၐ"
  0x03, 0xe1, 0x81, 0x90, 0x00,
  // 1002: "ၑ"
  0x03, 0xe1, 0x81, 0x91, 0x00,
  // 1007: "သ"
  0x03, 0xe1, 0x80, 0x9e, 0x00,
  // 1012: "ဟ"
  0x03, 0xe1, 0x80, 0x9f, 0x00,
  // 1017: "ဠ"
  0x03, 0xe1, 0x80, 0xa0, 0x00,
  // 1022: "ဠʽ"
  0x05, 0xe1, 0x80, 0xa0, 0xca, 0xbd, 0x00,
  // 1029: "ရʽ"
  0x05, 0xe1, 0x80, 0x9b, 0xca, 0xbd, 0x00,
  // 1036: "နʽ"
  0x05, 0xe1, 0x80, 0x94, 0xca, 0xbd, 0x00,
  // 1043: "ကʽ"
  0x05, 0xe1, 0x80, 0x80, 0xca, 0xbd, 0x00,
  // 1050: "ခʽ"
  0x05, 0xe1, 0x80, 0x81, 0xca, 0xbd, 0x00,
  // 1057: "ဂʽ"
  0x05, 0xe1, 0x80, 0x82, 0xca, 0xbd, 0x00,
  // 1064: "ဇʽ"
  0x05, 0xe1, 0x80, 0x87, 0xca, 0xbd, 0x00,
  // 1071: "ဍʽ"
  0x05, 0xe1, 0x80, 0x8d, 0xca, 0xbd, 0x00,
  // 1078: "ဎʽ"
  0x05, 0xe1, 0x80, 0x8e, 0xca, 0xbd, 0x00,
  // 1085: "ဖʽ"
  0x05, 0xe1, 0x80, 0x96, 0xca, 0xbd, 0x00,
  // 1092: "ယʽ"
  0x05, 0xe1, 0x80, 0x9a, 0xca, 0xbd, 0x00,
  // 1099: "ံဂʽ"
  0x08, 0xe1, 0x80, 0xb6, 0xe1, 0x80, 0x82, 0xca, 0xbd, 0x00,
  // 1109: "ံဇʽ"
  0x08, 0xe1, 0x80, 0xb6, 0xe1, 0x80, 0x87, 0xca, 0xbd, 0x00,
  // 1119: "ံဍʽ"
  0x08, 0xe1, 0x80, 0xb6, 0xe1, 0x80, 0x8d, 0xca, 0xbd, 0x00,
  // 1129: "ံဒʽ"
  0x08, 0xe1, 0x80, 0xb6, 0xe1, 0x80, 0x92, 0xca, 0xbd, 0x00,
  // 1139: "ံဗʽ"
  0x08, 0xe1, 0x80, 0xb6, 0xe1, 0x80, 0x97, 0xca, 0xbd, 0x00,
  // 1149: "ံʽ"
  0x05, 0xe1, 0x80, 0xb6, 0xca, 0xbd, 0x00,
  // 1156: "ံ"
  0x03, 0xe1, 0x80, 0xb6, 0x00,
  // 1161: "း"
  0x03, 0xe1, 0x80, 0xb8, 0x00,
  // 1166: "းʽ"
  0x05, 0xe1, 0x80, 0xb8, 0xca, 0xbd, 0x00,
  // 1173: "၀"
  0x03, 0xe1, 0x81, 0x80, 0x00,
  // 1178: "၁"
  0x03, 0xe1, 0x81, 0x81, 0x00,
  // 1183: "၂"
  0x03, 0xe1, 0x81, 0x82, 0x00,
  // 1188: "၃"
  0x03, 0xe1, 0x81, 0x83, 0x00,
  // 1193: "၄"
  0x03, 0xe1, 0x81, 0x84, 0x00,
  // 1198: "၅"
  0x03, 0xe1, 0x81, 0x85, 0x00,
  // 1203: "၆"
  0x03, 0xe1, 0x81, 0x86, 0x00,
  // 1208: "၇"
  0x03, 0xe1, 0x81, 0x87, 0x00,
  // 1213: "၈"
  0x03, 0xe1, 0x81, 0x88, 0x00,
  // 1218: "၉"
  0x03, 0xe1, 0x81, 0x89, 0x00,
  // 1223: "ဥုံ"
  0x09, 0xe1, 0x80, 0xa5, 0xe1, 0x80, 0xaf, 0xe1, 0x80, 0xb6, 0x00,
  // 1234: "၊"
  0x03, 0xe1, 0x81, 0x8a, 0x00,
  // 1239: "။"
  0x03, 0xe1, 0x81, 0x8b, 0x00,
  // 1244: "'"
  0x01, 0x27, 0x00,
  // 1247: "burmese"
  0x07, 0x62, 0x75, 0x72, 0x6d, 0x65, 0x73, 0x65, 0x00,
  // 1256: "अ"
  0x03, 0xe0, 0xa4, 0x85, 0x00,
  // 1261: "आ"
  0x03, 0xe0, 0xa4, 0x86, 0x00,
  // 1266: "इ"
  0x03, 0xe0, 0xa4, 0x87, 0x00,
  // 1271: "ई"
  0x03, 0xe0, 0xa4, 0x88, 0x00,
  // 1276: "उ"
  0x03, 0xe0, 0xa4, 0x89, 0x00,
  // 1281: "ऊ"
  0x03, 0xe0, 0xa4, 0x8a, 0x00,
  // 1286: "ऋ"
  0x03, 0xe0, 0xa4, 0x8b, 0x00,
  // 1291: "ॠ"
  0x03, 0xe0, 0xa5, 0xa0, 0x00,
  // 1296: "ऌ"
  0x03, 0xe0, 0xa4, 0x8c, 0x00,
  // 1301: "ॡ"
  0x03, 0xe0, 0xa5, 0xa1, 0x00,
  // 1306: "ऎ"
  0x03, 0xe0, 0xa4, 0x8e, 0x00,
  // 1311: "ए"
  0x03, 0xe0, 0xa4, 0x8f, 0x00,
  // 1316: "ऐ"
  0x03, 0xe0, 0xa4, 0x90, 0x00,
  // 1321: "ऒ"
  0x03, 0xe0, 0xa4, 0x92, 0x00,
  // 1326: "ओ"
  0x03, 0xe0, 0xa4, 0x93, 0x00,
  // 1331: "औ"
  0x03, 0xe0, 0xa4, 0x94, 0x00,
  // 1336: "ऍ"
  0x03, 0xe0, 0xa4, 0x8d, 0x00,
  // 1341: "एॕ"
  0x06, 0xe0, 0xa4, 0x8f, 0xe0, 0xa5, 0x95, 0x00,
  // 1349: "ऑ"
  0x03, 0xe0, 0xa4, 0x91, 0x00,
  // 1354: "्"
  0x03, 0xe0, 0xa5, 0x8d, 0x00,
  // 1359: "ा"
  0x03, 0xe0, 0xa4, 0xbe, 0x00,
  // 1364: "ि"
  0x03, 0xe0, 0xa4, 0xbf, 0x00,
  // 1369: "ी"
  0x03, 0xe0, 0xa5, 0x80, 0x00,
  // 1374: "ु"
  0x03, 0xe0, 0xa5, 0x81, 0x00,
  // 1379: "ू"
  0x03, 0xe0, 0xa5, 0x82, 0x00,
  // 1384: "ृ"
  0x03, 0xe0, 0xa5, 0x83, 0x00,
  // 1389: "ॄ"
  0x03, 0xe0, 0xa5, 0x84, 0x00,
  // 1394: "ॢ"
  0x03, 0xe0, 0xa5, 0xa2, 0x00,
  // 1399: "ॣ"
  0x03, 0xe0, 0xa5, 0xa3, 0x00,
  // 1404: "ॆ"
  0x03, 0xe0, 0xa5, 0x86, 0x00,
  // 1409: "े"
  0x03, 0xe0, 0xa5, 0x87, 0x00,
  // 1414: "ै"
  0x03, 0xe0, 0xa5, 0x88, 0x00,
  // 1419: "ॊ"
  0x03, 0xe0, 0xa5, 0x8a, 0x00,
  // 1424: "ो"
  0x03, 0xe0, 0xa5, 0x8b, 0x00,
  // 1429: "ौ"
  0x03, 0xe0, 0xa5, 0x8c, 0x00,
  // 1434: "ॅ"
  0x03, 0xe0, 0xa5, 0x85, 0x00,
  // 1439: "ॕ"
  0x03, 0xe0, 0xa5, 0x95, 0x00,
  // 1444: "ॉ"
  0x03, 0xe0, 0xa5, 0x89, 0x00,
  // 1449: "क"
  0x03, 0xe0, 0xa4, 0x95, 0x00,
  // 1454: "ख"
  0x03, 0xe0, 0xa4, 0x96, 0x00,
  // 1459: "ग"
  0x03, 0xe0, 0xa4, 0x97, 0x00,
  // 1464: "घ"
  0x03, 0xe0, 0xa4, 0x98, 0x00,
  // 1469: "ङ"
  0x03, 0xe0, 0xa4, 0x99, 0x00,
  // 1474: "च"
  0x03, 0xe0, 0xa4, 0x9a, 0x00,
  // 1479: "छ"
  0x03, 0xe0, 0xa4, 0x9b, 0x00,
  // 1484: "ज"
  0x03, 0xe0, 0xa4, 0x9c, 0x00,
  // 1489: "झ"
  0x03, 0xe0, 0xa4, 0x9d, 0x00,
  // 1494: "ञ"
  0x03, 0xe0, 0xa4, 0x9e, 0x00,
  // 1499: "ट"
  0x03, 0xe0, 0xa4, 0x9f, 0x00,
  // 1504: "ठ"
  0x03, 0xe0, 0xa4, 0xa0, 0x00,
  // 1509: "ड"
  0x03, 0xe0, 0xa4, 0xa1, 0x00,
  // 1514: "ढ"
  0x03, 0xe0, 0xa4, 0xa2, 0x00,
  // 1519: "ण"
  0x03, 0xe0, 0xa4, 0xa3, 0x00,
  // 1524: "त"
  0x03, 0xe0, 0xa4, 0xa4, 0x00,
  // 1529: "थ"
  0x03, 0xe0, 0xa4, 0xa5, 0x00,
  // 1534: "द"
  0x03, 0xe0, 0xa4, 0xa6, 0x00,
  // 1539: "ध"
  0x03, 0xe0, 0xa4, 0xa7, 0x00,
  // 1544: "न"
  0x03, 0xe0, 0xa4, 0xa8, 0x00,
  // 1549: "प"
  0x03, 0xe0, 0xa4, 0xaa, 0x00,
  // 1554: "फ"
  0x03, 0xe0, 0xa4, 0xab, 0x00,
  // 1559: "ब"
  0x03, 0xe0, 0xa4, 0xac, 0x00,
  // 1564: "भ"
  0x03, 0xe0, 0xa4, 0xad, 0x00,
  // 1569: "म"
  0x03, 0xe0, 0xa4, 0xae, 0x00,
  // 1574: "य"
  0x03, 0xe0, 0xa4, 0xaf, 0x00,
  // 1579: "र"
  0x03, 0xe0, 0xa4, 0xb0, 0x00,
  // 1584: "ल"
  0x03, 0xe0, 0xa4, 0xb2, 0x00,
  // 1589: "व"
  0x03, 0xe0, 0xa4, 0xb5, 0x00,
  // 1594: "श"
  0x03, 0xe0, 0xa4, 0xb6, 0x00,
  // 1599: "ष"
  0x03, 0xe0, 0xa4, 0xb7, 0x00,
  // 1604: "स"
  0x03, 0xe0, 0xa4, 0xb8, 0x00,
  // 1609: "ह"
  0x03, 0xe0, 0xa4, 0xb9, 0x00,
  // 1614: "ळ"
  0x03, 0xe0, 0xa4, 0xb3, 0x00,
  // 1619: "ऴ"
  0x03, 0xe0, 0xa4, 0xb4, 0x00,
  // 1624: "ऱ"
  0x03, 0xe0, 0xa4, 0xb1, 0x00,
  // 1629: "ऩ"
  0x03, 0xe0, 0xa4, 0xa9, 0x00,
  // 1634: "क़"
  0x03, 0xe0, 0xa5, 0x98, 0x00,
  // 1639: "ख़"
  0x03, 0xe0, 0xa5, 0x99, 0x00,
  // 1644: "ग़"
  0x03, 0xe0, 0xa5, 0x9a, 0x00,
  // 1649: "ज़"
  0x03, 0xe0, 0xa5, 0x9b, 0x00,
  // 1654: "ड़"
  0x03, 0xe0, 0xa5, 0x9c, 0x00,
  // 1659: "ढ़"
  0x03, 0xe0, 0xa5, 0x9d, 0x00,
  // 1664: "फ़"
  0x03, 0xe0, 0xa5, 0x9e, 0x00,
  // 1669: "य़"
  0x03, 0xe0, 0xa5, 0x9f, 0x00,
  // 1674: "ँˆग"
  0x08, 0xe0, 0xa4, 0x81, 0xcb, 0x86, 0xe0, 0xa4, 0x97, 0x00,
  // 1684: "ँˆज"
  0x08, 0xe0, 0xa4, 0x81, 0xcb, 0x86, 0xe0, 0xa4, 0x9c, 0x00,
  // 1694: "ँˆड"
  0x08, 0xe0, 0xa4, 0x81, 0xcb, 0x86, 0xe0, 0xa4, 0xa1, 0x00,
  // 1704: "ँˆद"
  0x08, 0xe0, 0xa4, 0x81, 0xcb, 0x86, 0xe0, 0xa4, 0xa6, 0x00,
  // 1714: "ँˆब"
  0x08, 0xe0, 0xa4, 0x81, 0xcb, 0x86, 0xe0, 0xa4, 0xac, 0x00,
  // 1724: "ँ"
  0x03, 0xe0, 0xa4, 0x81, 0x00,
  // 1729: "ं"
  0x03, 0xe0, 0xa4, 0x82, 0x00,
  // 1734: "ः"
  0x03, 0xe0, 0xa4, 0x83, 0x00,
  // 1739: "ःʼ"
  0x05, 0xe0, 0xa4, 0x83, 0xca, 0xbc, 0x00,
  // 1746: "०"
  0x03, 0xe0, 0xa5, 0xa6, 0x00,
  // 1751: "१"
  0x03, 0xe0, 0xa5, 0xa7, 0x00,
  // 1756: "२"
  0x03, 0xe0, 0xa5, 0xa8, 0x00,
  // 1761: "३"
  0x03, 0xe0, 0xa5, 0xa9, 0x00,
  // 1766: "४"
  0x03, 0xe0, 0xa5, 0xaa, 0x00,
  // 1771: "५"
  0x03, 0xe0, 0xa5, 0xab, 0x00,
  // 1776: "६"
  0x03, 0xe0, 0xa5, 0xac, 0x00,
  // 1781: "७"
  0x03, 0xe0, 0xa5, 0xad, 0x00,
  // 1786: "८"
  0x03, 0xe0, 0xa5, 0xae, 0x00,
  // 1791: "९"
  0x03, 0xe0, 0xa5, 0xaf, 0x00,
  // 1796: "ॐ"
  0x03, 0xe0, 0xa5, 0x90, 0x00,
  // 1801: "ऽ"
  0x03, 0xe0, 0xa4, 0xbd, 0x00,
  // 1806: "devanagari"
  0x0a, 0x64, 0x65, 0x76, 0x61, 0x6e, 0x61, 0x67, 0x61, 0x72, 0x69, 0x00,
  // 1818: "અ"
  0x03, 0xe0, 0xaa, 0x85, 0x00,
  // 1823: "આ"
  0x03, 0xe0, 0xaa, 0x86, 0x00,
  // 1828: "ઇ"
  0x03, 0xe0, 0xaa, 0x87, 0x00,
  // 1833: "ઈ"
  0x03, 0xe0, 0xaa, 0x88, 0x00,
  // 1838: "ઉ"
  0x03, 0xe0, 0xaa, 0x89, 0x00,
  // 1843: "ઊ"
  0x03, 0xe0, 0xaa, 0x8a, 0x00,
  // 1848: "ઋ"
  0x03, 0xe0, 0xaa, 0x8b, 0x00,
  // 1853: "ૠ"
  0x03, 0xe0, 0xab, 0xa0, 0x00,
  // 1858: "ઌ"
  0x03, 0xe0, 0xaa, 0x8c, 0x00,
  // 1863: "ૡ"
  0x03, 0xe0, 0xab, 0xa1, 0x00,
  // 1868: "એ᳴"
  0x06, 0xe0, 0xaa, 0x8f, 0xe1, 0xb3, 0xb4, 0x00,
  // 1876: "એ"
  0x03, 0xe0, 0xaa, 0x8f, 0x00,
  // 1881: "ઐ"
  0x03, 0xe0, 0xaa, 0x90, 0x00,
  // 1886: "ઓ᳴"
  0x06, 0xe0, 0xaa, 0x93, 0xe1, 0xb3, 0xb4, 0x00,
  // 1894: "ઓ"
  0x03, 0xe0, 0xaa, 0x93, 0x00,
  // 1899: "ઔ"
  0x03, 0xe0, 0xaa, 0x94, 0x00,
  // 1904: "ઍ"
  0x03, 0xe0, 0xaa, 0x8d, 0x00,
  // 1909: "ઍˇ"
  0x05, 0xe0, 0xaa, 0x8d, 0xcb, 0x87, 0x00,
  // 1916: "ઑ"
  0x03, 0xe0, 0xaa, 0x91, 0x00,
  // 1921: "્"
  0x03, 0xe0, 0xab, 0x8d, 0x00,
  // 1926: "ા"
  0x03, 0xe0, 0xaa, 0xbe, 0x00,
  // 1931: "િ"
  0x03, 0xe0, 0xaa, 0xbf, 0x00,
  // 1936: "ી"
  0x03, 0xe0, 0xab, 0x80, 0x00,
  // 1941: "ુ"
  0x03, 0xe0, 0xab, 0x81, 0x00,
  // 1946: "ૂ"
  0x03, 0xe0, 0xab, 0x82, 0x00,
  // 1951: "ૃ"
  0x03, 0xe0, 0xab, 0x83, 0x00,
  // 1956: "ૄ"
  0x03, 0xe0, 0xab, 0x84, 0x00,
  // 1961: "ૢ"
  0x03, 0xe0, 0xab, 0xa2, 0x00,
  // 1966: "ૣ"
  0x03, 0xe0, 0xab, 0xa3, 0x00,
  // 1971: "ે᳴"
  0x06, 0xe0, 0xab, 0x87, 0xe1, 0xb3, 0xb4, 0x00,
  // 1979: "ે"
  0x03, 0xe0, 0xab, 0x87, 0x00,
  // 1984: "ૈ"
  0x03, 0xe0, 0xab, 0x88, 0x00,
  // 1989: "ો᳴"
  0x06, 0xe0, 0xab, 0x8b, 0xe1, 0xb3, 0xb4, 0x00,
  // 1997: "ો"
  0x03, 0xe0, 0xab, 0x8b, 0x00,
  // 2002: "ૌ"
  0x03, 0xe0, 0xab, 0x8c, 0x00,
  // 2007: "ૅ"
  0x03, 0xe0, 0xab, 0x85, 0x00,
  // 2012: "ૅˇ"
  0x05, 0xe0, 0xab, 0x85, 0xcb, 0x87, 0x00,
  // 2019: "ૉ"
  0x03, 0xe0, 0xab, 0x89, 0x00,
  // 2024: "ક"
  0x03, 0xe0, 0xaa, 0x95, 0x00,
  // 2029: "ખ"
  0x03, 0xe0, 0xaa, 0x96, 0x00,
  // 2034: "ગ"
  0x03, 0xe0, 0xaa, 0x97, 0x00,
  // 2039: "ઘ"
  0x03, 0xe0, 0xaa, 0x98, 0x00,
  // 2044: "ઙ"
  0x03, 0xe0, 0xaa, 0x99, 0x00,
  // 2049: "ચ"
  0x03, 0xe0, 0xaa, 0x9a, 0x00,
  // 2054: "છ"
  0x03, 0xe0, 0xaa, 0x9b, 0x00,
  // 2059: "જ"
  0x03, 0xe0, 0xaa, 0x9c, 0x00,
  // 2064: "ઝ"
  0x03, 0xe0, 0xaa, 0x9d, 0x00,
  // 2069: "ઞ"
  0x03, 0xe0, 0xaa, 0x9e, 0x00,
  // 2074: "ટ"
  0x03, 0xe0, 0xaa, 0x9f, 0x00,
  // 2079: "ઠ"
  0x03, 0xe0, 0xaa, 0xa0, 0x00,
  // 2084: "ડ"
  0x03, 0xe0, 0xaa, 0xa1, 0x00,
  // 2089: "ઢ"
  0x03, 0xe0, 0xaa, 0xa2, 0x00,
  // 2094: "ણ"
  0x03, 0xe0, 0xaa, 0xa3, 0x00,
  // 2099: "ત"
  0x03, 0xe0, 0xaa, 0xa4, 0x00,
  // 2104: "થ"
  0x03, 0xe0, 0xaa, 0xa5, 0x00,
  // 2109: "દ"
  0x03, 0xe0, 0xaa, 0xa6, 0x00,
  // 2114: "ધ"
  0x03, 0xe0, 0xaa, 0xa7, 0x00,
  // 2119: "ન"
  0x03, 0xe0, 0xaa, 0xa8, 0x00,
  // 2124: "પ"
  0x03, 0xe0, 0xaa, 0xaa, 0x00,
  // 2129: "ફ"
  0x03, 0xe0, 0xaa, 0xab, 0x00,
  // 2134: "બ"
  0x03, 0xe0, 0xaa, 0xac, 0x00,
  // 2139: "ભ"
  0x03, 0xe0, 0xaa, 0xad, 0x00,
  // 2144: "મ"
  0x03, 0xe0, 0xaa, 0xae, 0x00,
  // 2149: "ય"
  0x03, 0xe0, 0xaa, 0xaf, 0x00,
  // 2154: "ર"
  0x03, 0xe0, 0xaa, 0xb0, 0x00,
  // 2159: "લ"
  0x03, 0xe0, 0xaa, 0xb2, 0x00,
  // 2164: "વ"
  0x03, 0xe0, 0xaa, 0xb5, 0x00,
  // 2169: "શ"
  0x03, 0xe0, 0xaa, 0xb6, 0x00,
  // 2174: "ષ"
  0x03, 0xe0, 0xaa, 0xb7, 0x00,
  // 2179: "સ"
  0x03, 0xe0, 0xaa, 0xb8, 0x00,
  // 2184: "હ"
  0x03, 0xe0, 0xaa, 0xb9, 0x00,
  // 2189: "ળ"
  0x03, 0xe0, 0xaa, 0xb3, 0x00,
  // 2194: "ળ઼"
  0x06, 0xe0, 0xaa, 0xb3, 0xe0, 0xaa, 0xbc, 0x00,
  // 2202: "ર઼"
  0x06, 0xe0, 0xaa, 0xb0, 0xe0, 0xaa, 0xbc, 0x00,
  // 2210: "ન઼"
  0x06, 0xe0, 0xaa, 0xa8, 0xe0, 0xaa, 0xbc, 0x00,
  // 2218: "ક઼"
  0x06, 0xe0, 0xaa, 0x95, 0xe0, 0xaa, 0xbc, 0x00,
  // 2226: "ખ઼"
  0x06, 0xe0, 0xaa, 0x96, 0xe0, 0xaa, 0xbc, 0x00,
  // 2234: "ગ઼"
  0x06, 0xe0, 0xaa, 0x97, 0xe0, 0xaa, 0xbc, 0x00,
  // 2242: "જ઼"
  0x06, 0xe0, 0xaa, 0x9c, 0xe0, 0xaa, 0xbc, 0x00,
  // 2250: "ડ઼"
  0x06, 0xe0, 0xaa, 0xa1, 0xe0, 0xaa, 0xbc, 0x00,
  // 2258: "ઢ઼"
  0x06, 0xe0, 0xaa, 0xa2, 0xe0, 0xaa, 0xbc, 0x00,
  // 2266: "ફ઼"
  0x06, 0xe0, 0xaa, 0xab, 0xe0, 0xaa, 0xbc, 0x00,
  // 2274: "ય઼"
  0x06, 0xe0, 0xaa, 0xaf, 0xe0, 0xaa, 0xbc, 0x00,
  // 2282: "ઁˆગ"
  0x08, 0xe0, 0xaa, 0x81, 0xcb, 0x86, 0xe0, 0xaa, 0x97, 0x00,
  // 2292: "ઁˆજ"
  0x08, 0xe0, 0xaa, 0x81, 0xcb, 0x86, 0xe0, 0xaa, 0x9c, 0x00,
  // 2302: "ઁˆડ"
  0x08, 0xe0, 0xaa, 0x81, 0xcb, 0x86, 0xe0, 0xaa, 0xa1, 0x00,
  // 2312: "ઁˆદ"
  0x08, 0xe0, 0xaa, 0x81, 0xcb, 0x86, 0xe0, 0xaa, 0xa6, 0x00,
  // 2322: "ઁˆબ"
  0x08, 0xe0, 0xaa, 0x81, 0xcb, 0x86, 0xe0, 0xaa, 0xac, 0x00,
  // 2332: "ઁ"
  0x03, 0xe0, 0xaa, 0x81, 0x00,
  // 2337: "ં"
  0x03, 0xe0, 0xaa, 0x82, 0x00,
  // 2342: "ઃ"
  0x03, 0xe0, 0xaa, 0x83, 0x00,
  // 2347: "ઃʼ"
  0x05, 0xe0, 0xaa, 0x83, 0xca, 0xbc, 0x00,
  // 2354: "૦"
  0x03, 0xe0, 0xab, 0xa6, 0x00,
  // 2359: "૧"
  0x03, 0xe0, 0xab, 0xa7, 0x00,
  // 2364: "૨"
  0x03, 0xe0, 0xab, 0xa8, 0x00,
  // 2369: "૩"
  0x03, 0xe0, 0xab, 0xa9, 0x00,
  // 2374: "૪"
  0x03, 0xe0, 0xab, 0xaa, 0x00,
  // 2379: "૫"
  0x03, 0xe0, 0xab, 0xab, 0x00,
  // 2384: "૬"
  0x03, 0xe0, 0xab, 0xac, 0x00,
  // 2389: "૭"
  0x03, 0xe0, 0xab, 0xad, 0x00,
  // 2394: "૮"
  0x03, 0xe0, 0xab, 0xae, 0x00,
  // 2399: "૯"
  0x03, 0xe0, 0xab, 0xaf, 0x00,
  // 2404: "ૐ"
  0x03, 0xe0, 0xab, 0x90, 0x00,
  // 2409: "ઽ"
  0x03, 0xe0, 0xaa, 0xbd, 0x00,
  // 2414: "gujarati"
  0x08, 0x67, 0x75, 0x6a, 0x61, 0x72, 0x61, 0x74, 0x69, 0x00,
  // 2424: "ਅ"
  0x03, 0xe0, 0xa8, 0x85, 0x00,
  // 2429: "ਆ"
  0x03, 0xe0, 0xa8, 0x86, 0x00,
  // 2434: "ਇ"
  0x03, 0xe0, 0xa8, 0x87, 0x00,
  // 2439: "ਈ"
  0x03, 0xe0, 0xa8, 0x88, 0x00,
  // 2444: "ਉ"
  0x03, 0xe0, 0xa8, 0x89, 0x00,
  // 2449: "ਊ"
  0x03, 0xe0, 0xa8, 0x8a, 0x00,
  // 2454: "ਰੁʼ"
  0x08, 0xe0, 0xa8, 0xb0, 0xe0, 0xa9, 0x81, 0xca, 0xbc, 0x00,
  // 2464: "ਰੂʼ"
  0x08, 0xe0, 0xa8, 0xb0, 0xe0, 0xa9, 0x82, 0xca, 0xbc, 0x00,
  // 2474: "ਲੁʼ"
  0x08, 0xe0, 0xa8, 0xb2, 0xe0, 0xa9, 0x81, 0xca, 0xbc, 0x00,
  // 2484: "ਲੂʼ"
  0x08, 0xe0, 0xa8, 0xb2, 0xe0, 0xa9, 0x82, 0xca, 0xbc, 0x00,
  // 2494: "ਏ᳴"
  0x06, 0xe0, 0xa8, 0x8f, 0xe1, 0xb3, 0xb4, 0x00,
  // 2502: "ਏ"
  0x03, 0xe0, 0xa8, 0x8f, 0x00,
  // 2507: "ਐ"
  0x03, 0xe0, 0xa8, 0x90, 0x00,
  // 2512: "ਓ᳴"
  0x06, 0xe0, 0xa8, 0x93, 0xe1, 0xb3, 0xb4, 0x00,
  // 2520: "ਓ"
  0x03, 0xe0, 0xa8, 0x93, 0x00,
  // 2525: "ਔ"
  0x03, 0xe0, 0xa8, 0x94, 0x00,
  // 2530: "ਏˇ"
  0x05, 0xe0, 0xa8, 0x8f, 0xcb, 0x87, 0x00,
  // 2537: "ਆ᳴"
  0x06, 0xe0, 0xa8, 0x86, 0xe1, 0xb3, 0xb4, 0x00,
  // 2545: "੍"
  0x03, 0xe0, 0xa9, 0x8d, 0x00,
  // 2550: "ਾ"
  0x03, 0xe0, 0xa8, 0xbe, 0x00,
  // 2555: "ਿ"
  0x03, 0xe0, 0xa8, 0xbf, 0x00,
  // 2560: "ੀ"
  0x03, 0xe0, 0xa9, 0x80, 0x00,
  // 2565: "ੁ"
  0x03, 0xe0, 0xa9, 0x81, 0x00,
  // 2570: "ੂ"
  0x03, 0xe0, 0xa9, 0x82, 0x00,
  // 2575: "੍ਰੁʼ"
  0x0b, 0xe0, 0xa9, 0x8d, 0xe0, 0xa8, 0xb0, 0xe0, 0xa9, 0x81, 0xca, 0xbc, 0x00,
  // 2588: "੍ਰੂʼ"
  0x0b, 0xe0, 0xa9, 0x8d, 0xe0, 0xa8, 0xb0, 0xe0, 0xa9, 0x82, 0xca, 0xbc, 0x00,
  // 2601: "੍ਲੁʼ"
  0x0b, 0xe0, 0xa9, 0x8d, 0xe0, 0xa8, 0xb2, 0xe0, 0xa9, 0x81, 0xca, 0xbc, 0x00,
  // 2614: "੍ਲੂʼ"
  0x0b, 0xe0, 0xa9, 0x8d, 0xe0, 0xa8, 0xb2, 0xe0, 0xa9, 0x82, 0xca, 0xbc, 0x00,
  // 2627: "ੇ᳴"
  0x06, 0xe0, 0xa9, 0x87, 0xe1, 0xb3, 0xb4, 0x00,
  // 2635: "ੇ"
  0x03, 0xe0, 0xa9, 0x87, 0x00,
  // 2640: "ੈ"
  0x03, 0xe0, 0xa9, 0x88, 0x00,
  // 2645: "ੋ᳴"
  0x06, 0xe0, 0xa9, 0x8b, 0xe1, 0xb3, 0xb4, 0x00,
  // 2653: "ੋ"
  0x03, 0xe0, 0xa9, 0x8b, 0x00,
  // 2658: "ੌ"
  0x03, 0xe0, 0xa9, 0x8c, 0x00,
  // 2663: "ੇˇ"
  0x05, 0xe0, 0xa9, 0x87, 0xcb, 0x87, 0x00,
  // 2670: "ਾ᳴"
  0x06, 0xe0, 0xa8, 0xbe, 0xe1, 0xb3, 0xb4, 0x00,
  // 2678: "ਕ"
  0x03, 0xe0, 0xa8, 0x95, 0x00,
  // 2683: "ਖ"
  0x03, 0xe0, 0xa8, 0x96, 0x00,
  // 2688: "ਗ"
  0x03, 0xe0, 0xa8, 0x97, 0x00,
  // 2693: "ਘ"
  0x03, 0xe0, 0xa8, 0x98, 0x00,
  // 2698: "ਙ"
  0x03, 0xe0, 0xa8, 0x99, 0x00,
  // 2703: "ਚ"
  0x03, 0xe0, 0xa8, 0x9a, 0x00,
  // 2708: "ਛ"
  0x03, 0xe0, 0xa8, 0x9b, 0x00,
  // 2713: "ਜ"
  0x03, 0xe0, 0xa8, 0x9c, 0x00,
  // 2718: "ਝ"
  0x03, 0xe0, 0xa8, 0x9d, 0x00,
  // 2723: "ਞ"
  0x03, 0xe0, 0xa8, 0x9e, 0x00,
  // 2728: "ਟ"
  0x03, 0xe0, 0xa8, 0x9f, 0x00,
  // 2733: "ਠ"
  0x03, 0xe0, 0xa8, 0xa0, 0x00,
  // 2738: "ਡ"
  0x03, 0xe0, 0xa8, 0xa1, 0x00,
  // 2743: "ਢ"
  0x03, 0xe0, 0xa8, 0xa2, 0x00,
  // 2748: "ਣ"
  0x03, 0xe0, 0xa8, 0xa3, 0x00,
  // 2753: "ਤ"
  0x03, 0xe0, 0xa8, 0xa4, 0x00,
  // 2758: "ਥ"
  0x03, 0xe0, 0xa8, 0xa5, 0x00,
  // 2763: "ਦ"
  0x03, 0xe0, 0xa8, 0xa6, 0x00,
  // 2768: "ਧ"
  0x03, 0xe0, 0xa8, 0xa7, 0x00,
  // 2773: "ਨ"
  0x03, 0xe0, 0xa8, 0xa8, 0x00,
  // 2778: "ਪ"
  0x03, 0xe0, 0xa8, 0xaa, 0x00,
  // 2783: "ਫ"
  0x03, 0xe0, 0xa8, 0xab, 0x00,
  // 2788: "ਬ"
  0x03, 0xe0, 0xa8, 0xac, 0x00,
  // 2793: "ਭ"
  0x03, 0xe0, 0xa8, 0xad, 0x00,
  // 2798: "ਮ"
  0x03, 0xe0, 0xa8, 0xae, 0x00,
  // 2803: "ਯ"
  0x03, 0xe0, 0xa8, 0xaf, 0x00,
  // 2808: "ਰ"
  0x03, 0xe0, 0xa8, 0xb0, 0x00,
  // 2813: "ਲ"
  0x03, 0xe0, 0xa8, 0xb2, 0x00,
  // 2818: "ਵ"
  0x03, 0xe0, 0xa8, 0xb5, 0x00,
  // 2823: "ਸ਼"
  0x03, 0xe0, 0xa8, 0xb6, 0x00,
  // 2828: "ਸ਼਼"
  0x06, 0xe0, 0xa8, 0xb6, 0xe0, 0xa8, 0xbc, 0x00,
  // 2836: "ਸ"
  0x03, 0xe0, 0xa8, 0xb8, 0x00,
  // 2841: "ਹ"
  0x03, 0xe0, 0xa8, 0xb9, 0x00,
  // 2846: "ਲ਼"
  0x03, 0xe0, 0xa8, 0xb3, 0x00,
  // 2851: "ਲ਼਼"
  0x06, 0xe0, 0xa8, 0xb3, 0xe0, 0xa8, 0xbc, 0x00,
  // 2859: "ਰ਼"
  0x06, 0xe0, 0xa8, 0xb0, 0xe0, 0xa8, 0xbc, 0x00,
  // 2867: "ਨ਼"
  0x06, 0xe0, 0xa8, 0xa8, 0xe0, 0xa8, 0xbc, 0x00,
  // 2875: "ਕ਼"
  0x06, 0xe0, 0xa8, 0x95, 0xe0, 0xa8, 0xbc, 0x00,
  // 2883: "ਖ਼"
  0x03, 0xe0, 0xa9, 0x99, 0x00,
  // 2888: "ਗ਼"
  0x03, 0xe0, 0xa9, 0x9a, 0x00,
  // 2893: "ਜ਼"
  0x03, 0xe0, 0xa9, 0x9b, 0x00,
  // 2898: "ੜ"
  0x03, 0xe0, 0xa9, 0x9c, 0x00,
  // 2903: "ਢ਼"
  0x06, 0xe0, 0xa8, 0xa2, 0xe0, 0xa8, 0xbc, 0x00,
  // 2911: "ਫ਼"
  0x03, 0xe0, 0xa9, 0x9e, 0x00,
  // 2916: "ਯ਼"
  0x06, 0xe0, 0xa8, 0xaf, 0xe0, 0xa8, 0xbc, 0x00,
  // 2924: "ਁˆਗ"
  0x08, 0xe0, 0xa8, 0x81, 0xcb, 0x86, 0xe0, 0xa8, 0x97, 0x00,
  // 2934: "ਁˆਜ"
  0x08, 0xe0, 0xa8, 0x81, 0xcb, 0x86, 0xe0, 0xa8, 0x9c, 0x00,
  // 2944: "ਁˆਡ"
  0x08, 0xe0, 0xa8, 0x81, 0xcb, 0x86, 0xe0, 0xa8, 0xa1, 0x00,
  // 2954: "ਁˆਦ"
  0x08, 0xe0, 0xa8, 0x81, 0xcb, 0x86, 0xe0, 0xa8, 0xa6, 0x00,
  // 2964: "ਁˆਬ"
  0x08, 0xe0, 0xa8, 0x81, 0xcb, 0x86, 0xe0, 0xa8, 0xac, 0x00,
  // 2974: "ਁ"
  0x03, 0xe0, 0xa8, 0x81, 0x00,
  // 2979: "ਂ"
  0x03, 0xe0, 0xa8, 0x82, 0x00,
  // 2984: "ਃ"
  0x03, 0xe0, 0xa8, 0x83, 0x00,
  // 2989: "ਃʼ"
  0x05, 0xe0, 0xa8, 0x83, 0xca, 0xbc, 0x00,
  // 2996: "੦"
  0x03, 0xe0, 0xa9, 0xa6, 0x00,
  // 3001: "੧"
  0x03, 0xe0, 0xa9, 0xa7, 0x00,
  // 3006: "੨"
  0x03, 0xe0, 0xa9, 0xa8, 0x00,
  // 3011: "੩"
  0x03, 0xe0, 0xa9, 0xa9, 0x00,
  // 3016: "੪"
  0x03, 0xe0, 0xa9, 0xaa, 0x00,
  // 3021: "੫"
  0x03, 0xe0, 0xa9, 0xab, 0x00,
  // 3026: "੬"
  0x03, 0xe0, 0xa9, 0xac, 0x00,
  // 3031: "੭"
  0x03, 0xe0, 0xa9, 0xad, 0x00,
  // 3036: "੮"
  0x03, 0xe0, 0xa9, 0xae, 0x00,
  // 3041: "੯"
  0x03, 0xe0, 0xa9, 0xaf, 0x00,
  // 3046: "ੴ"
  0x03, 0xe0, 0xa9, 0xb4, 0x00,
  // 3051: "(ਅ)"
  0x05, 0x28, 0xe0, 0xa8, 0x85, 0x29, 0x00,
  // 3058: "gurmukhi"
  0x08, 0x67, 0x75, 0x72, 0x6d, 0x75, 0x6b, 0x68, 0x69, 0x00,
  // 3068: "a"
  0x01, 0x61, 0x00,
  // 3071: "A"
  0x01, 0x41, 0x00,
  // 3074: "i"
  0x01, 0x69, 0x00,
  // 3077: "I"
  0x01, 0x49, 0x00,
  // 3080: "u"
  0x01, 0x75, 0x00,
  // 3083: "U"
  0x01, 0x55, 0x00,
  // 3086: "R"
  0x01, 0x52, 0x00,
  // 3089: "RR"
  0x02, 0x52, 0x52, 0x00,
  // 3093: "lR"
  0x02, 0x6c, 0x52, 0x00,
  // 3097: "lRR"
  0x03, 0x6c, 0x52, 0x52, 0x00,
  // 3102: "E"
  0x01, 0x45, 0x00,
  // 3105: "e"
  0x01, 0x65, 0x00,
  // 3108: "ai"
  0x02, 0x61, 0x69, 0x00,
  // 3112: "O"
  0x01, 0x4f, 0x00,
  // 3115: "o"
  0x01, 0x6f, 0x00,
  // 3118: "au"
  0x02, 0x61, 0x75, 0x00,
  // 3122: "aE"
  0x02, 0x61, 0x45, 0x00,
  // 3126: "AE"
  0x02, 0x41, 0x45, 0x00,
  // 3130: "aO"
  0x02, 0x61, 0x4f, 0x00,
  // 3134: ""
  0x00, 0x00,
  // 3136: "k"
  0x01, 0x6b, 0x00,
  // 3139: "kh"
  0x02, 0x6b, 0x68, 0x00,
  // 3143: "g"
  0x01, 0x67, 0x00,
  // 3146: "gh"
  0x02, 0x67, 0x68, 0x00,
  // 3150: "G"
  0x01, 0x47, 0x00,
  // 3153: "c"
  0x01, 0x63, 0x00,
  // 3156: "ch"
  0x02, 0x63, 0x68, 0x00,
  // 3160: "j"
  0x01, 0x6a, 0x00,
  // 3163: "jh"
  0x02, 0x6a, 0x68, 0x00,
  // 3167: "J"
  0x01, 0x4a, 0x00,
  // 3170: "T"
  0x01, 0x54, 0x00,
  // 3173: "Th"
  0x02, 0x54, 0x68, 0x00,
  // 3177: "D"
  0x01, 0x44, 0x00,
  // 3180: "Dh"
  0x02, 0x44, 0x68, 0x00,
  // 3184: "N"
  0x01, 0x4e, 0x00,
  // 3187: "t"
  0x01, 0x74, 0x00,
  // 3190: "th"
  0x02, 0x74, 0x68, 0x00,
  // 3194: "d"
  0x01, 0x64, 0x00,
  // 3197: "dh"
  0x02, 0x64, 0x68, 0x00,
  // 3201: "n"
  0x01, 0x6e, 0x00,
  // 3204: "p"
  0x01, 0x70, 0x00,
  // 3207: "ph"
  0x02, 0x70, 0x68, 0x00,
  // 3211: "b"
  0x01, 0x62, 0x00,
  // 3214: "bh"
  0x02, 0x62, 0x68, 0x00,
  // 3218: "m"
  0x01, 0x6d, 0x00,
  // 3221: "y"
  0x01, 0x79, 0x00,
  // 3224: "r"
  0x01, 0x72, 0x00,
  // 3227: "l"
  0x01, 0x6c, 0x00,
  // 3230: "v"
  0x01, 0x76, 0x00,
  // 3233: "z"
  0x01, 0x7a, 0x00,
  // 3236: "S"
  0x01, 0x53, 0x00,
  // 3239: "s"
  0x01, 0x73, 0x00,
  // 3242: "h"
  0x01, 0x68, 0x00,
  // 3245: "L"
  0x01, 0x4c, 0x00,
  // 3248: "Z"
  0x01, 0x5a, 0x00,
  // 3251: "r2"
  0x02, 0x72, 0x32, 0x00,
  // 3255: "n2"
  0x02, 0x6e, 0x32, 0x00,
  // 3259: "q"
  0x01, 0x71, 0x00,
  // 3262: "qh"
  0x02, 0x71, 0x68, 0x00,
  // 3266: "g2"
  0x02, 0x67, 0x32, 0x00,
  // 3270: "z2"
  0x02, 0x7a, 0x32, 0x00,
  // 3274: "r3"
  0x02, 0x72, 0x33, 0x00,
  // 3278: "r3h"
  0x03, 0x72, 0x33, 0x68, 0x00,
  // 3283: "f"
  0x01, 0x66, 0x00,
  // 3286: "Y"
  0x01, 0x59, 0x00,
  // 3289: "n*g"
  0x03, 0x6e, 0x2a, 0x67, 0x00,
  // 3294: "n*j"
  0x03, 0x6e, 0x2a, 0x6a, 0x00,
  // 3299: "n*D"
  0x03, 0x6e, 0x2a, 0x44, 0x00,
  // 3304: "n*d"
  0x03, 0x6e, 0x2a, 0x64, 0x00,
  // 3309: "m*b"
  0x03, 0x6d, 0x2a, 0x62, 0x00,
  // 3314: "~"
  0x01, 0x7e, 0x00,
  // 3317: "M"
  0x01, 0x4d, 0x00,
  // 3320: "H"
  0x01, 0x48, 0x00,
  // 3323: "K"
  0x01, 0x4b, 0x00,
  // 3326: "0"
  0x01, 0x30, 0x00,
  // 3329: "1"
  0x01, 0x31, 0x00,
  // 3332: "2"
  0x01, 0x32, 0x00,
  // 3335: "3"
  0x01, 0x33, 0x00,
  // 3338: "4"
  0x01, 0x34, 0x00,
  // 3341: "5"
  0x01, 0x35, 0x00,
  // 3344: "6"
  0x01, 0x36, 0x00,
  // 3347: "7"
  0x01, 0x37, 0x00,
  // 3350: "8"
  0x01, 0x38, 0x00,
  // 3353: "9"
  0x01, 0x39, 0x00,
  // 3356: "oM"
  0x02, 0x6f, 0x4d, 0x00,
  // 3360: "."
  0x01, 0x2e, 0x00,
  // 3363: ".."
  0x02, 0x2e, 0x2e, 0x00,
  // 3367: "gͫ"
  0x03, 0x67, 0xcd, 0xab, 0x00,
  // 3372: "gͫ̄"
  0x05, 0x67, 0xcd, 0xab, 0xcc, 0x84, 0x00,
  // 3379: "hk"
  0x02, 0x68, 0x6b, 0x00,
  // 3383: "ā"
  0x02, 0xc4, 0x81, 0x00,
  // 3387: "ī"
  0x02, 0xc4, 0xab, 0x00,
  // 3391: "ū"
  0x02, 0xc5, 0xab, 0x00,
  // 3395: "ṛ"
  0x03, 0xe1, 0xb9, 0x9b, 0x00,
  // 3400: "ṝ"
  0x03, 0xe1, 0xb9, 0x9d, 0x00,
  // 3405: "ḷ"
  0x03, 0xe1, 0xb8, 0xb7, 0x00,
  // 3410: "ḹ"
  0x03, 0xe1, 0xb8, 0xb9, 0x00,
  // 3415: "ĕ"
  0x02, 0xc4, 0x95, 0x00,
  // 3419: "ŏ"
  0x02, 0xc5, 0x8f, 0x00,
  // 3423: "æ"
  0x02, 0xc3, 0xa6, 0x00,
  // 3427: "ǣ"
  0x02, 0xc7, 0xa3, 0x00,
  // 3431: "ô"
  0x02, 0xc3, 0xb4, 0x00,
  // 3435: "ṅ"
  0x03, 0xe1, 0xb9, 0x85, 0x00,
  // 3440: "ñ"
  0x02, 0xc3, 0xb1, 0x00,
  // 3444: "ṭ"
  0x03, 0xe1, 0xb9, 0xad, 0x00,
  // 3449: "ṭh"
  0x04, 0xe1, 0xb9, 0xad, 0x68, 0x00,
  // 3455: "ḍ"
  0x03, 0xe1, 0xb8, 0x8d, 0x00,
  // 3460: "ḍh"
  0x04, 0xe1, 0xb8, 0x8d, 0x68, 0x00,
  // 3466: "ṇ"
  0x03, 0xe1, 0xb9, 0x87, 0x00,
  // 3471: "ś"
  0x02, 0xc5, 0x9b, 0x00,
  // 3475: "ṣ"
  0x03, 0xe1, 0xb9, 0xa3, 0x00,
  // 3480: "l̤"
  0x03, 0x6c, 0xcc, 0xa4, 0x00,
  // 3485: "ḻ"
  0x03, 0xe1, 0xb8, 0xbb, 0x00,
  // 3490: "ṟ"
  0x03, 0xe1, 0xb9, 0x9f, 0x00,
  // 3495: "ṉ"
  0x03, 0xe1, 0xb9, 0x89, 0x00,
  // 3500: "k͟h"
  0x04, 0x6b, 0xcd, 0x9f, 0x68, 0x00,
  // 3506: "ġ"
  0x02, 0xc4, 0xa1, 0x00,
  // 3510: "r̤"
  0x03, 0x72, 0xcc, 0xa4, 0x00,
  // 3515: "r̤h"
  0x04, 0x72, 0xcc, 0xa4, 0x68, 0x00,
  // 3521: "ẏ"
  0x03, 0xe1, 0xba, 0x8f, 0x00,
  // 3526: "n̆g"
  0x04, 0x6e, 0xcc, 0x86, 0x67, 0x00,
  // 3532: "n̆j"
  0x04, 0x6e, 0xcc, 0x86, 0x6a, 0x00,
  // 3538: "n̆ḍ"
  0x06, 0x6e, 0xcc, 0x86, 0xe1, 0xb8, 0x8d, 0x00,
  // 3546: "n̆d"
  0x04, 0x6e, 0xcc, 0x86, 0x64, 0x00,
  // 3552: "m̆b"
  0x04, 0x6d, 0xcc, 0x86, 0x62, 0x00,
  // 3558: "m̐"
  0x03, 0x6d, 0xcc, 0x90, 0x00,
  // 3563: "ṃ"
  0x03, 0xe1, 0xb9, 0x83, 0x00,
  // 3568: "ḥ"
  0x03, 0xe1, 0xb8, 0xa5, 0x00,
  // 3573: "ḵ"
  0x03, 0xe1, 0xb8, 0xb5, 0x00,
  // 3578: "oṃ"
  0x04, 0x6f, 0xe1, 0xb9, 0x83, 0x00,
  // 3584: "iast"
  0x04, 0x69, 0x61, 0x73, 0x74, 0x00,
  // 3590: "ə"
  0x02, 0xc9, 0x99, 0x00,
  // 3594: "ɑː"
  0x04, 0xc9, 0x91, 0xcb, 0x90, 0x00,
  // 3600: "ɪ"
  0x02, 0xc9, 0xaa, 0x00,
  // 3604: "iː"
  0x03, 0x69, 0xcb, 0x90, 0x00,
  // 3609: "uː"
  0x03, 0x75, 0xcb, 0x90, 0x00,
  // 3614: "ɾɨ"
  0x04, 0xc9, 0xbe, 0xc9, 0xa8, 0x00,
  // 3620: "ɾɨː"
  0x06, 0xc9, 0xbe, 0xc9, 0xa8, 0xcb, 0x90, 0x00,
  // 3628: "lɨ"
  0x03, 0x6c, 0xc9, 0xa8, 0x00,
  // 3633: "lɨː"
  0x05, 0x6c, 0xc9, 0xa8, 0xcb, 0x90, 0x00,
  // 3640: "eː"
  0x03, 0x65, 0xcb, 0x90, 0x00,
  // 3645: "əɪ"
  0x04, 0xc9, 0x99, 0xc9, 0xaa, 0x00,
  // 3651: "oː"
  0x03, 0x6f, 0xcb, 0x90, 0x00,
  // 3656: "əu"
  0x03, 0xc9, 0x99, 0x75, 0x00,
  // 3661: "æː"
  0x04, 0xc3, 0xa6, 0xcb, 0x90, 0x00,
  // 3667: "ɔ"
  0x02, 0xc9, 0x94, 0x00,
  // 3671: "kʰ"
  0x03, 0x6b, 0xca, 0xb0, 0x00,
  // 3676: "gʰ"
  0x03, 0x67, 0xca, 0xb0, 0x00,
  // 3681: "ŋ"
  0x02, 0xc5, 0x8b, 0x00,
  // 3685: "t͡ʃ"
  0x05, 0x74, 0xcd, 0xa1, 0xca, 0x83, 0x00,
  // 3692: "t͡ʃʰ"
  0x07, 0x74, 0xcd, 0xa1, 0xca, 0x83, 0xca, 0xb0, 0x00,
  // 3701: "d͡ʒ"
  0x05, 0x64, 0xcd, 0xa1, 0xca, 0x92, 0x00,
  // 3708: "d͡ʒʰ"
  0x07, 0x64, 0xcd, 0xa1, 0xca, 0x92, 0xca, 0xb0, 0x00,
  // 3717: "ɲ"
  0x02, 0xc9, 0xb2, 0x00,
  // 3721: "ʈ"
  0x02, 0xca, 0x88, 0x00,
  // 3725: "ʈʰ"
  0x04, 0xca, 0x88, 0xca, 0xb0, 0x00,
  // 3731: "ɖ"
  0x02, 0xc9, 0x96, 0x00,
  // 3735: "ɖʰ"
  0x04, 0xc9, 0x96, 0xca, 0xb0, 0x00,
  // 3741: "ɳ"
  0x02, 0xc9, 0xb3, 0x00,
  // 3745: "t̪"
  0x03, 0x74, 0xcc, 0xaa, 0x00,
  // 3750: "t̪ʰ"
  0x05, 0x74, 0xcc, 0xaa, 0xca, 0xb0, 0x00,
  // 3757: "d̪"
  0x03, 0x64, 0xcc, 0xaa, 0x00,
  // 3762: "d̪ʰ"
  0x05, 0x64, 0xcc, 0xaa, 0xca, 0xb0, 0x00,
  // 3769: "n̪"
  0x03, 0x6e, 0xcc, 0xaa, 0x00,
  // 3774: "pʰ"
  0x03, 0x70, 0xca, 0xb0, 0x00,
  // 3779: "bʰ"
  0x03, 0x62, 0xca, 0xb0, 0x00,
  // 3784: "ɾ"
  0x02, 0xc9, 0xbe, 0x00,
  // 3788: "ʋ"
  0x02, 0xca, 0x8b, 0x00,
  // 3792: "ʃ"
  0x02, 0xca, 0x83, 0x00,
  // 3796: "ʂ"
  0x02, 0xca, 0x82, 0x00,
  // 3800: "s̪"
  0x03, 0x73, 0xcc, 0xaa, 0x00,
  // 3805: "ɦ"
  0x02, 0xc9, 0xa6, 0x00,
  // 3809: "ɭ"
  0x02, 0xc9, 0xad, 0x00,
  // 3813: "ɻ"
  0x02, 0xc9, 0xbb, 0x00,
  // 3817: "x"
  0x01, 0x78, 0x00,
  // 3820: "ɣ"
  0x02, 0xc9, 0xa3, 0x00,
  // 3824: "ɽ"
  0x02, 0xc9, 0xbd, 0x00,
  // 3828: "ɽʰ"
  0x04, 0xc9, 0xbd, 0xca, 0xb0, 0x00,
  // 3834: "ᵑɡ"
  0x05, 0xe1, 0xb5, 0x91, 0xc9, 0xa1, 0x00,
  // 3841: "ᶮd͡ʒ"
  0x08, 0xe1, 0xb6, 0xae, 0x64, 0xcd, 0xa1, 0xca, 0x92, 0x00,
  // 3851: "ᶯɖ"
  0x05, 0xe1, 0xb6, 0xaf, 0xc9, 0x96, 0x00,
  // 3858: "ⁿd"
  0x04, 0xe2, 0x81, 0xbf, 0x64, 0x00,
  // 3864: "ᵐb"
  0x04, 0xe1, 0xb5, 0x90, 0x62, 0x00,
  // 3870: "̃ʽ"
  0x04, 0xcc, 0x83, 0xca, 0xbd, 0x00,
  // 3876: "̃"
  0x02, 0xcc, 0x83, 0x00,
  // 3880: "xʽ"
  0x03, 0x78, 0xca, 0xbd, 0x00,
  // 3885: "oːm"
  0x04, 0x6f, 0xcb, 0x90, 0x6d, 0x00,
  // 3891: "ə̸"
  0x04, 0xc9, 0x99, 0xcc, 0xb8, 0x00,
  // 3897: "ipa"
  0x03, 0x69, 0x70, 0x61, 0x00,
  // 3902: "r̥"
  0x03, 0x72, 0xcc, 0xa5, 0x00,
  // 3907: "r̥̄"
  0x05, 0x72, 0xcc, 0xa5, 0xcc, 0x84, 0x00,
  // 3914: "l̥"
  0x03, 0x6c, 0xcc, 0xa5, 0x00,
  // 3919: "l̥̄"
  0x05, 0x6c, 0xcc, 0xa5, 0xcc, 0x84, 0x00,
  // 3926: "ē"
  0x02, 0xc4, 0x93, 0x00,
  // 3930: "ō"
  0x02, 0xc5, 0x8d, 0x00,
  // 3934: "ṛh"
  0x04, 0xe1, 0xb9, 0x9b, 0x68, 0x00,
  // 3940: "ṁ"
  0x03, 0xe1, 0xb9, 0x81, 0x00,
  // 3945: "ōṁ"
  0x05, 0xc5, 0x8d, 0xe1, 0xb9, 0x81, 0x00,
  // 3952: "’"
  0x03, 0xe2, 0x80, 0x99, 0x00,
  // 3957: "iso"
  0x03, 0x69, 0x73, 0x6f, 0x00,
  // 3962: "aa"
  0x02, 0x61, 0x61, 0x00,
  // 3966: "ee"
  0x02, 0x65, 0x65, 0x00,
  // 3970: "uu"
  0x02, 0x75, 0x75, 0x00,
  // 3974: "R^i"
  0x03, 0x52, 0x5e, 0x69, 0x00,
  // 3979: "R^I"
  0x03, 0x52, 0x5e, 0x49, 0x00,
  // 3984: "L^i"
  0x03, 0x4c, 0x5e, 0x69, 0x00,
  // 3989: "L^I"
  0x03, 0x4c, 0x5e, 0x49, 0x00,
  // 3994: "^e"
  0x02, 0x5e, 0x65, 0x00,
  // 3998: "^o"
  0x02, 0x5e, 0x6f, 0x00,
  // 4002: "e.c"
  0x03, 0x65, 0x2e, 0x63, 0x00,
  // 4007: "a.C"
  0x03, 0x61, 0x2e, 0x43, 0x00,
  // 4012: "A.c"
  0x03, 0x41, 0x2e, 0x63, 0x00,
  // 4017: "~N"
  0x02, 0x7e, 0x4e, 0x00,
  // 4021: "chh"
  0x03, 0x63, 0x68, 0x68, 0x00,
  // 4026: "~n"
  0x02, 0x7e, 0x6e, 0x00,
  // 4030: "sh"
  0x02, 0x73, 0x68, 0x00,
  // 4034: "Sh"
  0x02, 0x53, 0x68, 0x00,
  // 4038: "zh"
  0x02, 0x7a, 0x68, 0x00,
  // 4042: "^n"
  0x02, 0x5e, 0x6e, 0x00,
  // 4046: ".D"
  0x02, 0x2e, 0x44, 0x00,
  // 4050: ".Dh"
  0x03, 0x2e, 0x44, 0x68, 0x00,
  // 4055: ".N"
  0x02, 0x2e, 0x4e, 0x00,
  // 4059: "K^"
  0x02, 0x4b, 0x5e, 0x00,
  // 4063: "OM"
  0x02, 0x4f, 0x4d, 0x00,
  // 4067: ".a"
  0x02, 0x2e, 0x61, 0x00,
  // 4071: "gum"
  0x03, 0x67, 0x75, 0x6d, 0x00,
  // 4076: "ggum"
  0x04, 0x67, 0x67, 0x75, 0x6d, 0x00,
  // 4082: "itrans"
  0x06, 0x69, 0x74, 0x72, 0x61, 0x6e, 0x73, 0x00,
  // 4090: "ಅ"
  0x03, 0xe0, 0xb2, 0x85, 0x00,
  // 4095: "ಆ"
  0x03, 0xe0, 0xb2, 0x86, 0x00,
  // 4100: "ಇ"
  0x03, 0xe0, 0xb2, 0x87, 0x00,
  // 4105: "ಈ"
  0x03, 0xe0, 0xb2, 0x88, 0x00,
  // 4110: "ಉ"
  0x03, 0xe0, 0xb2, 0x89, 0x00,
  // 4115: "ಊ"
  0x03, 0xe0, 0xb2, 0x8a, 0x00,
  // 4120: "ಋ"
  0x03, 0xe0, 0xb2, 0x8b, 0x00,
  // 4125: "ೠ"
  0x03, 0xe0, 0xb3, 0xa0, 0x00,
  // 4130: "ಌ"
  0x03, 0xe0, 0xb2, 0x8c, 0x00,
  // 4135: "ೡ"
  0x03, 0xe0, 0xb3, 0xa1, 0x00,
  // 4140: "ಎ"
  0x03, 0xe0, 0xb2, 0x8e, 0x00,
  // 4145: "ಏ"
  0x03, 0xe0, 0xb2, 0x8f, 0x00,
  // 4150: "ಐ"
  0x03, 0xe0, 0xb2, 0x90, 0x00,
  // 4155: "ಒ"
  0x03, 0xe0, 0xb2, 0x92, 0x00,
  // 4160: "ಓ"
  0x03, 0xe0, 0xb2, 0x93, 0x00,
  // 4165: "ಔ"
  0x03, 0xe0, 0xb2, 0x94, 0x00,
  // 4170: "ಎ᳴"
  0x06, 0xe0, 0xb2, 0x8e, 0xe1, 0xb3, 0xb4, 0x00,
  // 4178: "ಏˇ"
  0x05, 0xe0, 0xb2, 0x8f, 0xcb, 0x87, 0x00,
  // 4185: "ಆ᳴"
  0x06, 0xe0, 0xb2, 0x86, 0xe1, 0xb3, 0xb4, 0x00,
  // 4193: "್"
  0x03, 0xe0, 0xb3, 0x8d, 0x00,
  // 4198: "ಾ"
  0x03, 0xe0, 0xb2, 0xbe, 0x00,
  // 4203: "ಿ"
  0x03, 0xe0, 0xb2, 0xbf, 0x00,
  // 4208: "ೀ"
  0x03, 0xe0, 0xb3, 0x80, 0x00,
  // 4213: "ು"
  0x03, 0xe0, 0xb3, 0x81, 0x00,
  // 4218: "ೂ"
  0x03, 0xe0, 0xb3, 0x82, 0x00,
  // 4223: "ೃ"
  0x03, 0xe0, 0xb3, 0x83, 0x00,
  // 4228: "ೄ"
  0x03, 0xe0, 0xb3, 0x84, 0x00,
  // 4233: "ೢ"
  0x03, 0xe0, 0xb3, 0xa2, 0x00,
  // 4238: "ೣ"
  0x03, 0xe0, 0xb3, 0xa3, 0x00,
  // 4243: "ೆ"
  0x03, 0xe0, 0xb3, 0x86, 0x00,
  // 4248: "ೇ"
  0x03, 0xe0, 0xb3, 0x87, 0x00,
  // 4253: "ೈ"
  0x03, 0xe0, 0xb3, 0x88, 0x00,
  // 4258: "ೊ"
  0x03, 0xe0, 0xb3, 0x8a, 0x00,
  // 4263: "ೋ"
  0x03, 0xe0, 0xb3, 0x8b, 0x00,
  // 4268: "ೌ"
  0x03, 0xe0, 0xb3, 0x8c, 0x00,
  // 4273: "ೆ᳴"
  0x06, 0xe0, 0xb3, 0x86, 0xe1, 0xb3, 0xb4, 0x00,
  // 4281: "ೇˇ"
  0x05, 0xe0, 0xb3, 0x87, 0xcb, 0x87, 0x00,
  // 4288: "ಾ᳴"
  0x06, 0xe0, 0xb2, 0xbe, 0xe1, 0xb3, 0xb4, 0x00,
  // 4296: "ಕ"
  0x03, 0xe0, 0xb2, 0x95, 0x00,
  // 4301: "ಖ"
  0x03, 0xe0, 0xb2, 0x96, 0x00,
  // 4306: "ಗ"
  0x03, 0xe0, 0xb2, 0x97, 0x00,
  // 4311: "ಘ"
  0x03, 0xe0, 0xb2, 0x98, 0x00,
  // 4316: "ಙ"
  0x03, 0xe0, 0xb2, 0x99, 0x00,
  // 4321: "ಚ"
  0x03, 0xe0, 0xb2, 0x9a, 0x00,
  // 4326: "ಛ"
  0x03, 0xe0, 0xb2, 0x9b, 0x00,
  // 4331: "ಜ"
  0x03, 0xe0, 0xb2, 0x9c, 0x00,
  // 4336: "ಝ"
  0x03, 0xe0, 0xb2, 0x9d, 0x00,
  // 4341: "ಞ"
  0x03, 0xe0, 0xb2, 0x9e, 0x00,
  // 4346: "ಟ"
  0x03, 0xe0, 0xb2, 0x9f, 0x00,
  // 4351: "ಠ"
  0x03, 0xe0, 0xb2, 0xa0, 0x00,
  // 4356: "ಡ"
  0x03, 0xe0, 0xb2, 0xa1, 0x00,
  // 4361: "ಢ"
  0x03, 0xe0, 0xb2, 0xa2, 0x00,
  // 4366: "ಣ"
  0x03, 0xe0, 0xb2, 0xa3, 0x00,
  // 4371: "ತ"
  0x03, 0xe0, 0xb2, 0xa4, 0x00,
  // 4376: "ಥ"
  0x03, 0xe0, 0xb2, 0xa5, 0x00,
  // 4381: "ದ"
  0x03, 0xe0, 0xb2, 0xa6, 0x00,
  // 4386: "ಧ"
  0x03, 0xe0, 0xb2, 0xa7, 0x00,
  // 4391: "ನ"
  0x03, 0xe0, 0xb2, 0xa8, 0x00,
  // 4396: "ಪ"
  0x03, 0xe0, 0xb2, 0xaa, 0x00,
  // 4401: "ಫ"
  0x03, 0xe0, 0xb2, 0xab, 0x00,
  // 4406: "ಬ"
  0x03, 0xe0, 0xb2, 0xac, 0x00,
  // 4411: "ಭ"
  0x03, 0xe0, 0xb2, 0xad, 0x00,
  // 4416: "ಮ"
  0x03, 0xe0, 0xb2, 0xae, 0x00,
  // 4421: "ಯ"
  0x03, 0xe0, 0xb2, 0xaf, 0x00,
  // 4426: "ರ"
  0x03, 0xe0, 0xb2, 0xb0, 0x00,
  // 4431: "ಲ"
  0x03, 0xe0, 0xb2, 0xb2, 0x00,
  // 4436: "ವ"
  0x03, 0xe0, 0xb2, 0xb5, 0x00,
  // 4441: "ಶ"
  0x03, 0xe0, 0xb2, 0xb6, 0x00,
  // 4446: "ಷ"
  0x03, 0xe0, 0xb2, 0xb7, 0x00,
  // 4451: "ಸ"
  0x03, 0xe0, 0xb2, 0xb8, 0x00,
  // 4456: "ಹ"
  0x03, 0xe0, 0xb2, 0xb9, 0x00,
  // 4461: "ಳ"
  0x03, 0xe0, 0xb2, 0xb3, 0x00,
  // 4466: "ೞ"
  0x03, 0xe0, 0xb3, 0x9e, 0x00,
  // 4471: "ಱ"
  0x03, 0xe0, 0xb2, 0xb1, 0x00,
  // 4476: "ನ಼"
  0x06, 0xe0, 0xb2, 0xa8, 0xe0, 0xb2, 0xbc, 0x00,
  // 4484: "ಕ಼"
  0x06, 0xe0, 0xb2, 0x95, 0xe0, 0xb2, 0xbc, 0x00,
  // 4492: "ಖ಼"
  0x06, 0xe0, 0xb2, 0x96, 0xe0, 0xb2, 0xbc, 0x00,
  // 4500: "ಗ಼"
  0x06, 0xe0, 0xb2, 0x97, 0xe0, 0xb2, 0xbc, 0x00,
  // 4508: "ಜ಼"
  0x06, 0xe0, 0xb2, 0x9c, 0xe0, 0xb2, 0xbc, 0x00,
  // 4516: "ಡ಼"
  0x06, 0xe0, 0xb2, 0xa1, 0xe0, 0xb2, 0xbc, 0x00,
  // 4524: "ಢ಼"
  0x06, 0xe0, 0xb2, 0xa2, 0xe0, 0xb2, 0xbc, 0x00,
  // 4532: "ಫ಼"
  0x06, 0xe0, 0xb2, 0xab, 0xe0, 0xb2, 0xbc, 0x00,
  // 4540: "ಯ಼"
  0x06, 0xe0, 0xb2, 0xaf, 0xe0, 0xb2, 0xbc, 0x00,
  // 4548: "ಂˆಗ"
  0x08, 0xe0, 0xb2, 0x82, 0xcb, 0x86, 0xe0, 0xb2, 0x97, 0x00,
  // 4558: "ಂˆಜ"
  0x08, 0xe0, 0xb2, 0x82, 0xcb, 0x86, 0xe0, 0xb2, 0x9c, 0x00,
  // 4568: "ಂˆಡ"
  0x08, 0xe0, 0xb2, 0x82, 0xcb, 0x86, 0xe0, 0xb2, 0xa1, 0x00,
  // 4578: "ಂˆದ"
  0x08, 0xe0, 0xb2, 0x82, 0xcb, 0x86, 0xe0, 0xb2, 0xa6, 0x00,
  // 4588: "ಂˆಬ"
  0x08, 0xe0, 0xb2, 0x82, 0xcb, 0x86, 0xe0, 0xb2, 0xac, 0x00,
  // 4598: "ಁ"
  0x03, 0xe0, 0xb2, 0x81, 0x00,
  // 4603: "ಂ"
  0x03, 0xe0, 0xb2, 0x82, 0x00,
  // 4608: "ಃ"
  0x03, 0xe0, 0xb2, 0x83, 0x00,
  // 4613: "ಃʼ"
  0x05, 0xe0, 0xb2, 0x83, 0xca, 0xbc, 0x00,
  // 4620: "೦"
  0x03, 0xe0, 0xb3, 0xa6, 0x00,
  // 4625: "೧"
  0x03, 0xe0, 0xb3, 0xa7, 0x00,
  // 4630: "೨"
  0x03, 0xe0, 0xb3, 0xa8, 0x00,
  // 4635: "೩"
  0x03, 0xe0, 0xb3, 0xa9, 0x00,
  // 4640: "೪"
  0x03, 0xe0, 0xb3, 0xaa, 0x00,
  // 4645: "೫"
  0x03, 0xe0, 0xb3, 0xab, 0x00,
  // 4650: "೬"
  0x03, 0xe0, 0xb3, 0xac, 0x00,
  // 4655: "೭"
  0x03, 0xe0, 0xb3, 0xad, 0x00,
  // 4660: "೮"
  0x03, 0xe0, 0xb3, 0xae, 0x00,
  // 4665: "೯"
  0x03, 0xe0, 0xb3, 0xaf, 0x00,
  // 4670: "ಓಂ"
  0x06, 0xe0, 0xb2, 0x93, 0xe0, 0xb2, 0x82, 0x00,
  // 4678: "ಽ"
  0x03, 0xe0, 0xb2, 0xbd, 0x00,
  // 4683: "kannada"
  0x07, 0x6b, 0x61, 0x6e, 0x6e, 0x61, 0x64, 0x61, 0x00,
  // 4692: "អ"
  0x03, 0xe1, 0x9e, 0xa2, 0x00,
  // 4697: "អា"
  0x06, 0xe1, 0x9e, 0xa2, 0xe1, 0x9e, 0xb6, 0x00,
  // 4705: "ឥ"
  0x03, 0xe1, 0x9e, 0xa5, 0x00,
  // 4710: "ឦ"
  0x03, 0xe1, 0x9e, 0xa6, 0x00,
  // 4715: "ឧ"
  0x03, 0xe1, 0x9e, 0xa7, 0x00,
  // 4720: "ឩ"
  0x03, 0xe1, 0x9e, 0xa9, 0x00,
  // 4725: "ឫ"
  0x03, 0xe1, 0x9e, 0xab, 0x00,
  // 4730: "ឬ"
  0x03, 0xe1, 0x9e, 0xac, 0x00,
  // 4735: "ឭ"
  0x03, 0xe1, 0x9e, 0xad, 0x00,
  // 4740: "ឮ"
  0x03, 0xe1, 0x9e, 0xae, 0x00,
  // 4745: "ឯʽ"
  0x05, 0xe1, 0x9e, 0xaf, 0xca, 0xbd, 0x00,
  // 4752: "ឯ"
  0x03, 0xe1, 0x9e, 0xaf, 0x00,
  // 4757: "ឰ"
  0x03, 0xe1, 0x9e, 0xb0, 0x00,
  // 4762: "ឱʽ"
  0x05, 0xe1, 0x9e, 0xb1, 0xca, 0xbd, 0x00,
  // 4769: "ឱ"
  0x03, 0xe1, 0x9e, 0xb1, 0x00,
  // 4774: "ឳ"
  0x03, 0xe1, 0x9e, 0xb3, 0x00,
  // 4779: "អាʽ"
  0x08, 0xe1, 0x9e, 0xa2, 0xe1, 0x9e, 0xb6, 0xca, 0xbd, 0x00,
  // 4789: "៑"
  0x03, 0xe1, 0x9f, 0x91, 0x00,
  // 4794: "ា"
  0x03, 0xe1, 0x9e, 0xb6, 0x00,
  // 4799: "ិ"
  0x03, 0xe1, 0x9e, 0xb7, 0x00,
  // 4804: "ី"
  0x03, 0xe1, 0x9e, 0xb8, 0x00,
  // 4809: "ុ"
  0x03, 0xe1, 0x9e, 0xbb, 0x00,
  // 4814: "ូ"
  0x03, 0xe1, 0x9e, 0xbc, 0x00,
  // 4819: "្ឫ"
  0x06, 0xe1, 0x9f, 0x92, 0xe1, 0x9e, 0xab, 0x00,
  // 4827: "្ឬ"
  0x06, 0xe1, 0x9f, 0x92, 0xe1, 0x9e, 0xac, 0x00,
  // 4835: "្ឭ"
  0x06, 0xe1, 0x9f, 0x92, 0xe1, 0x9e, 0xad, 0x00,
  // 4843: "្ឮ"
  0x06, 0xe1, 0x9f, 0x92, 0xe1, 0x9e, 0xae, 0x00,
  // 4851: "េʽ"
  0x05, 0xe1, 0x9f, 0x81, 0xca, 0xbd, 0x00,
  // 4858: "េ"
  0x03, 0xe1, 0x9f, 0x81, 0x00,
  // 4863: "ៃ"
  0x03, 0xe1, 0x9f, 0x83, 0x00,
  // 4868: "ោʽ"
  0x05, 0xe1, 0x9f, 0x84, 0xca, 0xbd, 0x00,
  // 4875: "ោ"
  0x03, 0xe1, 0x9f, 0x84, 0x00,
  // 4880: "ៅ"
  0x03, 0xe1, 0x9f, 0x85, 0x00,
  // 4885: "ាʽ"
  0x05, 0xe1, 0x9e, 0xb6, 0xca, 0xbd, 0x00,
  // 4892: "ក"
  0x03, 0xe1, 0x9e, 0x80, 0x00,
  // 4897: "ខ"
  0x03, 0xe1, 0x9e, 0x81, 0x00,
  // 4902: "គ"
  0x03, 0xe1, 0x9e, 0x82, 0x00,
  // 4907: "ឃ"
  0x03, 0xe1, 0x9e, 0x83, 0x00,
  // 4912: "ង"
  0x03, 0xe1, 0x9e, 0x84, 0x00,
  // 4917: "ច"
  0x03, 0xe1, 0x9e, 0x85, 0x00,
  // 4922: "ឆ"
  0x03, 0xe1, 0x9e, 0x86, 0x00,
  // 4927: "ជ"
  0x03, 0xe1, 0x9e, 0x87, 0x00,
  // 4932: "ឈ"
  0x03, 0xe1, 0x9e, 0x88, 0x00,
  // 4937: "ញ"
  0x03, 0xe1, 0x9e, 0x89, 0x00,
  // 4942: "ដ"
  0x03, 0xe1, 0x9e, 0x8a, 0x00,
  // 4947: "ឋ"
  0x03, 0xe1, 0x9e, 0x8b, 0x00,
  // 4952: "ឌ"
  0x03, 0xe1, 0x9e, 0x8c, 0x00,
  // 4957: "ឍ"
  0x03, 0xe1, 0x9e, 0x8d, 0x00,
  // 4962: "ណ"
  0x03, 0xe1, 0x9e, 0x8e, 0x00,
  // 4967: "ត"
  0x03, 0xe1, 0x9e, 0x8f, 0x00,
  // 4972: "ថ"
  0x03, 0xe1, 0x9e, 0x90, 0x00,
  // 4977: "ទ"
  0x03, 0xe1, 0x9e, 0x91, 0x00,
  // 4982: "ធ"
  0x03, 0xe1, 0x9e, 0x92, 0x00,
  // 4987: "ន"
  0x03, 0xe1, 0x9e, 0x93, 0x00,
  // 4992: "ប"
  0x03, 0xe1, 0x9e, 0x94, 0x00,
  // 4997: "ផ"
  0x03, 0xe1, 0x9e, 0x95, 0x00,
  // 5002: "ព"
  0x03, 0xe1, 0x9e, 0x96, 0x00,
  // 5007: "ភ"
  0x03, 0xe1, 0x9e, 0x97, 0x00,
  // 5012: "ម"
  0x03, 0xe1, 0x9e, 0x98, 0x00,
  // 5017: "យ"
  0x03, 0xe1, 0x9e, 0x99, 0x00,
  // 5022: "រ"
  0x03, 0xe1, 0x9e, 0x9a, 0x00,
  // 5027: "ល"
  0x03, 0xe1, 0x9e, 0x9b, 0x00,
  // 5032: "វ"
  0x03, 0xe1, 0x9e, 0x9c, 0x00,
  // 5037: "ឝ"
  0x03, 0xe1, 0x9e, 0x9d, 0x00,
  // 5042: "ឞ"
  0x03, 0xe1, 0x9e, 0x9e, 0x00,
  // 5047: "ស"
  0x03, 0xe1, 0x9e, 0x9f, 0x00,
  // 5052: "ហ"
  0x03, 0xe1, 0x9e, 0xa0, 0x00,
  // 5057: "ឡ"
  0x03, 0xe1, 0x9e, 0xa1, 0x00,
  // 5062: "ឡʽ"
  0x05, 0xe1, 0x9e, 0xa1, 0xca, 0xbd, 0x00,
  // 5069: "រʽ"
  0x05, 0xe1, 0x9e, 0x9a, 0xca, 0xbd, 0x00,
  // 5076: "នʽ"
  0x05, 0xe1, 0x9e, 0x93, 0xca, 0xbd, 0x00,
  // 5083: "កʽ"
  0x05, 0xe1, 0x9e, 0x80, 0xca, 0xbd, 0x00,
  // 5090: "ខʽ"
  0x05, 0xe1, 0x9e, 0x81, 0xca, 0xbd, 0x00,
  // 5097: "គʽ"
  0x05, 0xe1, 0x9e, 0x82, 0xca, 0xbd, 0x00,
  // 5104: "ជʽ"
  0x05, 0xe1, 0x9e, 0x87, 0xca, 0xbd, 0x00,
  // 5111: "ឌʽ"
  0x05, 0xe1, 0x9e, 0x8c, 0xca, 0xbd, 0x00,
  // 5118: "ឍʽ"
  0x05, 0xe1, 0x9e, 0x8d, 0xca, 0xbd, 0x00,
  // 5125: "ផʽ"
  0x05, 0xe1, 0x9e, 0x95, 0xca, 0xbd, 0x00,
  // 5132: "យʽ"
  0x05, 0xe1, 0x9e, 0x99, 0xca, 0xbd, 0x00,
  // 5139: "ំគʽ"
  0x08, 0xe1, 0x9f, 0x86, 0xe1, 0x9e, 0x82, 0xca, 0xbd, 0x00,
  // 5149: "ំជʽ"
  0x08, 0xe1, 0x9f, 0x86, 0xe1, 0x9e, 0x87, 0xca, 0xbd, 0x00,
  // 5159: "ំឌʽ"
  0x08, 0xe1, 0x9f, 0x86, 0xe1, 0x9e, 0x8c, 0xca, 0xbd, 0x00,
  // 5169: "ំទʽ"
  0x08, 0xe1, 0x9f, 0x86, 0xe1, 0x9e, 0x91, 0xca, 0xbd, 0x00,
  // 5179: "ំពʽ"
  0x08, 0xe1, 0x9f, 0x86, 0xe1, 0x9e, 0x96, 0xca, 0xbd, 0x00,
  // 5189: "ំʽ"
  0x05, 0xe1, 0x9f, 0x86, 0xca, 0xbd, 0x00,
  // 5196: "ំ"
  0x03, 0xe1, 0x9f, 0x86, 0x00,
  // 5201: "ះ"
  0x03, 0xe1, 0x9f, 0x87, 0x00,
  // 5206: "ះʽ"
  0x05, 0xe1, 0x9f, 0x87, 0xca, 0xbd, 0x00,
  // 5213: "០"
  0x03, 0xe1, 0x9f, 0xa0, 0x00,
  // 5218: "១"
  0x03, 0xe1, 0x9f, 0xa1, 0x00,
  // 5223: "២"
  0x03, 0xe1, 0x9f, 0xa2, 0x00,
  // 5228: "៣"
  0x03, 0xe1, 0x9f, 0xa3, 0x00,
  // 5233: "៤"
  0x03, 0xe1, 0x9f, 0xa4, 0x00,
  // 5238: "៥"
  0x03, 0xe1, 0x9f, 0xa5, 0x00,
  // 5243: "៦"
  0x03, 0xe1, 0x9f, 0xa6, 0x00,
  // 5248: "៧"
  0x03, 0xe1, 0x9f, 0xa7, 0x00,
  // 5253: "៨"
  0x03, 0xe1, 0x9f, 0xa8, 0x00,
  // 5258: "៩"
  0x03, 0xe1, 0x9f, 0xa9, 0x00,
  // 5263: "ឱំ"
  0x06, 0xe1, 0x9e, 0xb1, 0xe1, 0x9f, 0x86, 0x00,
  // 5271: "។"
  0x03, 0xe1, 0x9f, 0x94, 0x00,
  // 5276: "៕"
  0x03, 0xe1, 0x9f, 0x95, 0x00,
  // 5281: "ៜ"
  0x03, 0xe1, 0x9f, 0x9c, 0x00,
  // 5286: "khmer"
  0x05, 0x6b, 0x68, 0x6d, 0x65, 0x72, 0x00,
  // 5293: "അ"
  0x03, 0xe0, 0xb4, 0x85, 0x00,
  // 5298: "ആ"
  0x03, 0xe0, 0xb4, 0x86, 0x00,
  // 5303: "ഇ"
  0x03, 0xe0, 0xb4, 0x87, 0x00,
  // 5308: "ഈ"
  0x03, 0xe0, 0xb4, 0x88, 0x00,
  // 5313: "ഉ"
  0x03, 0xe0, 0xb4, 0x89, 0x00,
  // 5318: "ഊ"
  0x03, 0xe0, 0xb4, 0x8a, 0x00,
  // 5323: "ഋ"
  0x03, 0xe0, 0xb4, 0x8b, 0x00,
  // 5328: "ൠ"
  0x03, 0xe0, 0xb5, 0xa0, 0x00,
  // 5333: "ഌ"
  0x03, 0xe0, 0xb4, 0x8c, 0x00,
  // 5338: "ൡ"
  0x03, 0xe0, 0xb5, 0xa1, 0x00,
  // 5343: "എ"
  0x03, 0xe0, 0xb4, 0x8e, 0x00,
  // 5348: "ഏ"
  0x03, 0xe0, 0xb4, 0x8f, 0x00,
  // 5353: "ഐ"
  0x03, 0xe0, 0xb4, 0x90, 0x00,
  // 5358: "ഒ"
  0x03, 0xe0, 0xb4, 0x92, 0x00,
  // 5363: "ഓ"
  0x03, 0xe0, 0xb4, 0x93, 0x00,
  // 5368: "ഔ"
  0x03, 0xe0, 0xb4, 0x94, 0x00,
  // 5373: "എ᳴"
  0x06, 0xe0, 0xb4, 0x8e, 0xe1, 0xb3, 0xb4, 0x00,
  // 5381: "ഏˇ"
  0x05, 0xe0, 0xb4, 0x8f, 0xcb, 0x87, 0x00,
  // 5388: "ആ᳴"
  0x06, 0xe0, 0xb4, 0x86, 0xe1, 0xb3, 0xb4, 0x00,
  // 5396: "്"
  0x03, 0xe0, 0xb5, 0x8d, 0x00,
  // 5401: "ാ"
  0x03, 0xe0, 0xb4, 0xbe, 0x00,
  // 5406: "ി"
  0x03, 0xe0, 0xb4, 0xbf, 0x00,
  // 5411: "ീ"
  0x03, 0xe0, 0xb5, 0x80, 0x00,
  // 5416: "ു"
  0x03, 0xe0, 0xb5, 0x81, 0x00,
  // 5421: "ൂ"
  0x03, 0xe0, 0xb5, 0x82, 0x00,
  // 5426: "ൃ"
  0x03, 0xe0, 0xb5, 0x83, 0x00,
  // 5431: "ൄ"
  0x03, 0xe0, 0xb5, 0x84, 0x00,
  // 5436: "ൢ"
  0x03, 0xe0, 0xb5, 0xa2, 0x00,
  // 5441: "ൣ"
  0x03, 0xe0, 0xb5, 0xa3, 0x00,
  // 5446: "െ"
  0x03, 0xe0, 0xb5, 0x86, 0x00,
  // 5451: "േ"
  0x03, 0xe0, 0xb5, 0x87, 0x00,
  // 5456: "ൈ"
  0x03, 0xe0, 0xb5, 0x88, 0x00,
  // 5461: "ൊ"
  0x03, 0xe0, 0xb5, 0x8a, 0x00,
  // 5466: "ോ"
  0x03, 0xe0, 0xb5, 0x8b, 0x00,
  // 5471: "ൗ"
  0x03, 0xe0, 0xb5, 0x97, 0x00,
  // 5476: "െ᳴"
  0x06, 0xe0, 0xb5, 0x86, 0xe1, 0xb3, 0xb4, 0x00,
  // 5484: "േˇ"
  0x05, 0xe0, 0xb5, 0x87, 0xcb, 0x87, 0x00,
  // 5491: "ാ᳴"
  0x06, 0xe0, 0xb4, 0xbe, 0xe1, 0xb3, 0xb4, 0x00,
  // 5499: "ക"
  0x03, 0xe0, 0xb4, 0x95, 0x00,
  // 5504: "ഖ"
  0x03, 0xe0, 0xb4, 0x96, 0x00,
  // 5509: "ഗ"
  0x03, 0xe0, 0xb4, 0x97, 0x00,
  // 5514: "ഘ"
  0x03, 0xe0, 0xb4, 0x98, 0x00,
  // 5519: "ങ"
  0x03, 0xe0, 0xb4, 0x99, 0x00,
  // 5524: "ച"
  0x03, 0xe0, 0xb4, 0x9a, 0x00,
  // 5529: "ഛ"
  0x03, 0xe0, 0xb4, 0x9b, 0x00,
  // 5534: "ജ"
  0x03, 0xe0, 0xb4, 0x9c, 0x00,
  // 5539: "ഝ"
  0x03, 0xe0, 0xb4, 0x9d, 0x00,
  // 5544: "ഞ"
  0x03, 0xe0, 0xb4, 0x9e, 0x00,
  // 5549: "ട"
  0x03, 0xe0, 0xb4, 0x9f, 0x00,
  // 5554: "ഠ"
  0x03, 0xe0, 0xb4, 0xa0, 0x00,
  // 5559: "ഡ"
  0x03, 0xe0, 0xb4, 0xa1, 0x00,
  // 5564: "ഢ"
  0x03, 0xe0, 0xb4, 0xa2, 0x00,
  // 5569: "ണ"
  0x03, 0xe0, 0xb4, 0xa3, 0x00,
  // 5574: "ത"
  0x03, 0xe0, 0xb4, 0xa4, 0x00,
  // 5579: "ഥ"
  0x03, 0xe0, 0xb4, 0xa5, 0x00,
  // 5584: "ദ"
  0x03, 0xe0, 0xb4, 0xa6, 0x00,
  // 5589: "ധ"
  0x03, 0xe0, 0xb4, 0xa7, 0x00,
  // 5594: "ന"
  0x03, 0xe0, 0xb4, 0xa8, 0x00,
  // 5599: "പ"
  0x03, 0xe0, 0xb4, 0xaa, 0x00,
  // 5604: "ഫ"
  0x03, 0xe0, 0xb4, 0xab, 0x00,
  // 5609: "ബ"
  0x03, 0xe0, 0xb4, 0xac, 0x00,
  // 5614: "ഭ"
  0x03, 0xe0, 0xb4, 0xad, 0x00,
  // 5619: "മ"
  0x03, 0xe0, 0xb4, 0xae, 0x00,
  // 5624: "യ"
  0x03, 0xe0, 0xb4, 0xaf, 0x00,
  // 5629: "ര"
  0x03, 0xe0, 0xb4, 0xb0, 0x00,
  // 5634: "ല"
  0x03, 0xe0, 0xb4, 0xb2, 0x00,
  // 5639: "വ"
  0x03, 0xe0, 0xb4, 0xb5, 0x00,
  // 5644: "ശ"
  0x03, 0xe0, 0xb4, 0xb6, 0x00,
  // 5649: "ഷ"
  0x03, 0xe0, 0xb4, 0xb7, 0x00,
  // 5654: "സ"
  0x03, 0xe0, 0xb4, 0xb8, 0x00,
  // 5659: "ഹ"
  0x03, 0xe0, 0xb4, 0xb9, 0x00,
  // 5664: "ള"
  0x03, 0xe0, 0xb4, 0xb3, 0x00,
  // 5669: "ഴ"
  0x03, 0xe0, 0xb4, 0xb4, 0x00,
  // 5674: "റ"
  0x03, 0xe0, 0xb4, 0xb1, 0x00,
  // 5679: "ഩ"
  0x03, 0xe0, 0xb4, 0xa9, 0x00,
  // 5684: "ക·"
  0x05, 0xe0, 0xb4, 0x95, 0xc2, 0xb7, 0x00,
  // 5691: "ഖ·"
  0x05, 0xe0, 0xb4, 0x96, 0xc2, 0xb7, 0x00,
  // 5698: "ഗ·"
  0x05, 0xe0, 0xb4, 0x97, 0xc2, 0xb7, 0x00,
  // 5705: "ജ·"
  0x05, 0xe0, 0xb4, 0x9c, 0xc2, 0xb7, 0x00,
  // 5712: "ഡ·"
  0x05, 0xe0, 0xb4, 0xa1, 0xc2, 0xb7, 0x00,
  // 5719: "ഢ·"
  0x05, 0xe0, 0xb4, 0xa2, 0xc2, 0xb7, 0x00,
  // 5726: "ഫ·"
  0x05, 0xe0, 0xb4, 0xab, 0xc2, 0xb7, 0x00,
  // 5733: "യ·"
  0x05, 0xe0, 0xb4, 0xaf, 0xc2, 0xb7, 0x00,
  // 5740: "ംˆഗ"
  0x08, 0xe0, 0xb4, 0x82, 0xcb, 0x86, 0xe0, 0xb4, 0x97, 0x00,
  // 5750: "ംˆജ"
  0x08, 0xe0, 0xb4, 0x82, 0xcb, 0x86, 0xe0, 0xb4, 0x9c, 0x00,
  // 5760: "ംˆഡ"
  0x08, 0xe0, 0xb4, 0x82, 0xcb, 0x86, 0xe0, 0xb4, 0xa1, 0x00,
  // 5770: "ംˆദ"
  0x08, 0xe0, 0xb4, 0x82, 0xcb, 0x86, 0xe0, 0xb4, 0xa6, 0x00,
  // 5780: "ംˆബ"
  0x08, 0xe0, 0xb4, 0x82, 0xcb, 0x86, 0xe0, 0xb4, 0xac, 0x00,
  // 5790: "ഁ"
  0x03, 0xe0, 0xb4, 0x81, 0x00,
  // 5795: "ം"
  0x03, 0xe0, 0xb4, 0x82, 0x00,
  // 5800: "ഃ"
  0x03, 0xe0, 0xb4, 0x83, 0x00,
  // 5805: "ഃʼ"
  0x05, 0xe0, 0xb4, 0x83, 0xca, 0xbc, 0x00,
  // 5812: "൦"
  0x03, 0xe0, 0xb5, 0xa6, 0x00,
  // 5817: "൧"
  0x03, 0xe0, 0xb5, 0xa7, 0x00,
  // 5822: "൨"
  0x03, 0xe0, 0xb5, 0xa8, 0x00,
  // 5827: "൩"
  0x03, 0xe0, 0xb5, 0xa9, 0x00,
  // 5832: "൪"
  0x03, 0xe0, 0xb5, 0xaa, 0x00,
  // 5837: "൫"
  0x03, 0xe0, 0xb5, 0xab, 0x00,
  // 5842: "൬"
  0x03, 0xe0, 0xb5, 0xac, 0x00,
  // 5847: "൭"
  0x03, 0xe0, 0xb5, 0xad, 0x00,
  // 5852: "൮"
  0x03, 0xe0, 0xb5, 0xae, 0x00,
  // 5857: "൯"
  0x03, 0xe0, 0xb5, 0xaf, 0x00,
  // 5862: "ഓം"
  0x06, 0xe0, 0xb4, 0x93, 0xe0, 0xb4, 0x82, 0x00,
  // 5870: "ഽ"
  0x03, 0xe0, 0xb4, 0xbd, 0x00,
  // 5875: "malayalam"
  0x09, 0x6d, 0x61, 0x6c, 0x61, 0x79, 0x61, 0x6c, 0x61, 0x6d, 0x00,
  // 5886: "ଅ"
  0x03, 0xe0, 0xac, 0x85, 0x00,
  // 5891: "ଆ"
  0x03, 0xe0, 0xac, 0x86, 0x00,
  // 5896: "ଇ"
  0x03, 0xe0, 0xac, 0x87, 0x00,
  // 5901: "ଈ"
  0x03, 0xe0, 0xac, 0x88, 0x00,
  // 5906: "ଉ"
  0x03, 0xe0, 0xac, 0x89, 0x00,
  // 5911: "ଊ"
  0x03, 0xe0, 0xac, 0x8a, 0x00,
  // 5916: "ଋ"
  0x03, 0xe0, 0xac, 0x8b, 0x00,
  // 5921: "ୠ"
  0x03, 0xe0, 0xad, 0xa0, 0x00,
  // 5926: "ଌ"
  0x03, 0xe0, 0xac, 0x8c, 0x00,
  // 5931: "ୡ"
  0x03, 0xe0, 0xad, 0xa1, 0x00,
  // 5936: "ଏ᳴"
  0x06, 0xe0, 0xac, 0x8f, 0xe1, 0xb3, 0xb4, 0x00,
  // 5944: "ଏ"
  0x03, 0xe0, 0xac, 0x8f, 0x00,
  // 5949: "ଐ"
  0x03, 0xe0, 0xac, 0x90, 0x00,
  // 5954: "ଓ᳴"
  0x06, 0xe0, 0xac, 0x93, 0xe1, 0xb3, 0xb4, 0x00,
  // 5962: "ଓ"
  0x03, 0xe0, 0xac, 0x93, 0x00,
  // 5967: "ଔ"
  0x03, 0xe0, 0xac, 0x94, 0x00,
  // 5972: "ଏˇ"
  0x05, 0xe0, 0xac, 0x8f, 0xcb, 0x87, 0x00,
  // 5979: "ଆ᳴"
  0x06, 0xe0, 0xac, 0x86, 0xe1, 0xb3, 0xb4, 0x00,
  // 5987: "୍"
  0x03, 0xe0, 0xad, 0x8d, 0x00,
  // 5992: "ା"
  0x03, 0xe0, 0xac, 0xbe, 0x00,
  // 5997: "ି"
  0x03, 0xe0, 0xac, 0xbf, 0x00,
  // 6002: "ୀ"
  0x03, 0xe0, 0xad, 0x80, 0x00,
  // 6007: "ୁ"
  0x03, 0xe0, 0xad, 0x81, 0x00,
  // 6012: "ୂ"
  0x03, 0xe0, 0xad, 0x82, 0x00,
  // 6017: "ୃ"
  0x03, 0xe0, 0xad, 0x83, 0x00,
  // 6022: "ୄ"
  0x03, 0xe0, 0xad, 0x84, 0x00,
  // 6027: "ୢ"
  0x03, 0xe0, 0xad, 0xa2, 0x00,
  // 6032: "ୣ"
  0x03, 0xe0, 0xad, 0xa3, 0x00,
  // 6037: "େ᳴"
  0x06, 0xe0, 0xad, 0x87, 0xe1, 0xb3, 0xb4, 0x00,
  // 6045: "େ"
  0x03, 0xe0, 0xad, 0x87, 0x00,
  // 6050: "ୈ"
  0x03, 0xe0, 0xad, 0x88, 0x00,
  // 6055: "ୋ᳴"
  0x06, 0xe0, 0xad, 0x8b, 0xe1, 0xb3, 0xb4, 0x00,
  // 6063: "ୋ"
  0x03, 0xe0, 0xad, 0x8b, 0x00,
  // 6068: "ୌ"
  0x03, 0xe0, 0xad, 0x8c, 0x00,
  // 6073: "େˇ"
  0x05, 0xe0, 0xad, 0x87, 0xcb, 0x87, 0x00,
  // 6080: "ା᳴"
  0x06, 0xe0, 0xac, 0xbe, 0xe1, 0xb3, 0xb4, 0x00,
  // 6088: "କ"
  0x03, 0xe0, 0xac, 0x95, 0x00,
  // 6093: "ଖ"
  0x03, 0xe0, 0xac, 0x96, 0x00,
  // 6098: "ଗ"
  0x03, 0xe0, 0xac, 0x97, 0x00,
  // 6103: "ଘ"
  0x03, 0xe0, 0xac, 0x98, 0x00,
  // 6108: "ଙ"
  0x03, 0xe0, 0xac, 0x99, 0x00,
  // 6113: "ଚ"
  0x03, 0xe0, 0xac, 0x9a, 0x00,
  // 6118: "ଛ"
  0x03, 0xe0, 0xac, 0x9b, 0x00,
  // 6123: "ଜ"
  0x03, 0xe0, 0xac, 0x9c, 0x00,
  // 6128: "ଝ"
  0x03, 0xe0, 0xac, 0x9d, 0x00,
  // 6133: "ଞ"
  0x03, 0xe0, 0xac, 0x9e, 0x00,
  // 6138: "ଟ"
  0x03, 0xe0, 0xac, 0x9f, 0x00,
  // 6143: "ଠ"
  0x03, 0xe0, 0xac, 0xa0, 0x00,
  // 6148: "ଡ"
  0x03, 0xe0, 0xac, 0xa1, 0x00,
  // 6153: "ଢ"
  0x03, 0xe0, 0xac, 0xa2, 0x00,
  // 6158: "ଣ"
  0x03, 0xe0, 0xac, 0xa3, 0x00,
  // 6163: "ତ"
  0x03, 0xe0, 0xac, 0xa4, 0x00,
  // 6168: "ଥ"
  0x03, 0xe0, 0xac, 0xa5, 0x00,
  // 6173: "ଦ"
  0x03, 0xe0, 0xac, 0xa6, 0x00,
  // 6178: "ଧ"
  0x03, 0xe0, 0xac, 0xa7, 0x00,
  // 6183: "ନ"
  0x03, 0xe0, 0xac, 0xa8, 0x00,
  // 6188: "ପ"
  0x03, 0xe0, 0xac, 0xaa, 0x00,
  // 6193: "ଫ"
  0x03, 0xe0, 0xac, 0xab, 0x00,
  // 6198: "ବ"
  0x03, 0xe0, 0xac, 0xac, 0x00,
  // 6203: "ଭ"
  0x03, 0xe0, 0xac, 0xad, 0x00,
  // 6208: "ମ"
  0x03, 0xe0, 0xac, 0xae, 0x00,
  // 6213: "ଯ"
  0x03, 0xe0, 0xac, 0xaf, 0x00,
  // 6218: "ର"
  0x03, 0xe0, 0xac, 0xb0, 0x00,
  // 6223: "ଲ"
  0x03, 0xe0, 0xac, 0xb2, 0x00,
  // 6228: "ୱ"
  0x03, 0xe0, 0xad, 0xb1, 0x00,
  // 6233: "ଶ"
  0x03, 0xe0, 0xac, 0xb6, 0x00,
  // 6238: "ଷ"
  0x03, 0xe0, 0xac, 0xb7, 0x00,
  // 6243: "ସ"
  0x03, 0xe0, 0xac, 0xb8, 0x00,
  // 6248: "ହ"
  0x03, 0xe0, 0xac, 0xb9, 0x00,
  // 6253: "ଳ"
  0x03, 0xe0, 0xac, 0xb3, 0x00,
  // 6258: "ଳ଼"
  0x06, 0xe0, 0xac, 0xb3, 0xe0, 0xac, 0xbc, 0x00,
  // 6266: "ର଼"
  0x06, 0xe0, 0xac, 0xb0, 0xe0, 0xac, 0xbc, 0x00,
  // 6274: "ନ଼"
  0x06, 0xe0, 0xac, 0xa8, 0xe0, 0xac, 0xbc, 0x00,
  // 6282: "କ଼"
  0x06, 0xe0, 0xac, 0x95, 0xe0, 0xac, 0xbc, 0x00,
  // 6290: "ଖ଼"
  0x06, 0xe0, 0xac, 0x96, 0xe0, 0xac, 0xbc, 0x00,
  // 6298: "ଗ଼"
  0x06, 0xe0, 0xac, 0x97, 0xe0, 0xac, 0xbc, 0x00,
  // 6306: "ଜ଼"
  0x06, 0xe0, 0xac, 0x9c, 0xe0, 0xac, 0xbc, 0x00,
  // 6314: "ଡ଼"
  0x03, 0xe0, 0xad, 0x9c, 0x00,
  // 6319: "ଢ଼"
  0x03, 0xe0, 0xad, 0x9d, 0x00,
  // 6324: "ଫ଼"
  0x06, 0xe0, 0xac, 0xab, 0xe0, 0xac, 0xbc, 0x00,
  // 6332: "ୟ"
  0x03, 0xe0, 0xad, 0x9f, 0x00,
  // 6337: "ଁˆଗ"
  0x08, 0xe0, 0xac, 0x81, 0xcb, 0x86, 0xe0, 0xac, 0x97, 0x00,
  // 6347: "ଁˆଜ"
  0x08, 0xe0, 0xac, 0x81, 0xcb, 0x86, 0xe0, 0xac, 0x9c, 0x00,
  // 6357: "ଁˆଡ"
  0x08, 0xe0, 0xac, 0x81, 0xcb, 0x86, 0xe0, 0xac, 0xa1, 0x00,
  // 6367: "ଁˆଦ"
  0x08, 0xe0, 0xac, 0x81, 0xcb, 0x86, 0xe0, 0xac, 0xa6, 0x00,
  // 6377: "ଁˆବ"
  0x08, 0xe0, 0xac, 0x81, 0xcb, 0x86, 0xe0, 0xac, 0xac, 0x00,
  // 6387: "ଁ"
  0x03, 0xe0, 0xac, 0x81, 0x00,
  // 6392: "ଂ"
  0x03, 0xe0, 0xac, 0x82, 0x00,
  // 6397: "ଃ"
  0x03, 0xe0, 0xac, 0x83, 0x00,
  // 6402: "ଃʼ"
  0x05, 0xe0, 0xac, 0x83, 0xca, 0xbc, 0x00,
  // 6409: "୦"
  0x03, 0xe0, 0xad, 0xa6, 0x00,
  // 6414: "୧"
  0x03, 0xe0, 0xad, 0xa7, 0x00,
  // 6419: "୨"
  0x03, 0xe0, 0xad, 0xa8, 0x00,
  // 6424: "୩"
  0x03, 0xe0, 0xad, 0xa9, 0x00,
  // 6429: "୪"
  0x03, 0xe0, 0xad, 0xaa, 0x00,
  // 6434: "୫"
  0x03, 0xe0, 0xad, 0xab, 0x00,
  // 6439: "୬"
  0x03, 0xe0, 0xad, 0xac, 0x00,
  // 6444: "୭"
  0x03, 0xe0, 0xad, 0xad, 0x00,
  // 6449: "୮"
  0x03, 0xe0, 0xad, 0xae, 0x00,
  // 6454: "୯"
  0x03, 0xe0, 0xad, 0xaf, 0x00,
  // 6459: "ଓଁ"
  0x06, 0xe0, 0xac, 0x93, 0xe0, 0xac, 0x81, 0x00,
  // 6467: "ଽ"
  0x03, 0xe0, 0xac, 0xbd, 0x00,
  // 6472: "oriya"
  0x05, 0x6f, 0x72, 0x69, 0x79, 0x61, 0x00,
  // 6479: "oo"
  0x02, 0x6f, 0x6f, 0x00,
  // 6483: "ă"
  0x03, 0x61, 0xcc, 0x86, 0x00,
  // 6488: "̆e"
  0x03, 0xcc, 0x86, 0x65, 0x00,
  // 6493: "̆o"
  0x03, 0xcc, 0x86, 0x6f, 0x00,
  // 6498: "CH"
  0x02, 0x43, 0x48, 0x00,
  // 6502: "TH"
  0x02, 0x54, 0x48, 0x00,
  // 6506: "DH"
  0x02, 0x44, 0x48, 0x00,
  // 6510: "ng"
  0x02, 0x6e, 0x67, 0x00,
  // 6514: "nj"
  0x02, 0x6e, 0x6a, 0x00,
  // 6518: "nD"
  0x02, 0x6e, 0x44, 0x00,
  // 6522: "nd"
  0x02, 0x6e, 0x64, 0x00,
  // 6526: "mb"
  0x02, 0x6d, 0x62, 0x00,
  // 6530: "nͫ"
  0x03, 0x6e, 0xcd, 0xab, 0x00,
  // 6535: "h̥"
  0x03, 0x68, 0xcc, 0xa5, 0x00,
  // 6540: "!"
  0x01, 0x21, 0x00,
  // 6543: "!!"
  0x02, 0x21, 0x21, 0x00,
  // 6547: "readableLatin"
  0x0d, 0x72, 0x65, 0x61, 0x64, 0x61, 0x62, 0x6c, 0x65, 0x4c, 0x61, 0x74, 0x69, 0x6e, 0x00,
  // 6562: "අ"
  0x03, 0xe0, 0xb6, 0x85, 0x00,
  // 6567: "ආ"
  0x03, 0xe0, 0xb6, 0x86, 0x00,
  // 6572: "ඉ"
  0x03, 0xe0, 0xb6, 0x89, 0x00,
  // 6577: "ඊ"
  0x03, 0xe0, 0xb6, 0x8a, 0x00,
  // 6582: "උ"
  0x03, 0xe0, 0xb6, 0x8b, 0x00,
  // 6587: "ඌ"
  0x03, 0xe0, 0xb6, 0x8c, 0x00,
  // 6592: "ඍ"
  0x03, 0xe0, 0xb6, 0x8d, 0x00,
  // 6597: "ඎ"
  0x03, 0xe0, 0xb6, 0x8e, 0x00,
  // 6602: "ඏ"
  0x03, 0xe0, 0xb6, 0x8f, 0x00,
  // 6607: "ඐ"
  0x03, 0xe0, 0xb6, 0x90, 0x00,
  // 6612: "එ"
  0x03, 0xe0, 0xb6, 0x91, 0x00,
  // 6617: "ඒ"
  0x03, 0xe0, 0xb6, 0x92, 0x00,
  // 6622: "ඓ"
  0x03, 0xe0, 0xb6, 0x93, 0x00,
  // 6627: "ඔ"
  0x03, 0xe0, 0xb6, 0x94, 0x00,
  // 6632: "ඕ"
  0x03, 0xe0, 0xb6, 0x95, 0x00,
  // 6637: "ඖ"
  0x03, 0xe0, 0xb6, 0x96, 0x00,
  // 6642: "ඇ"
  0x03, 0xe0, 0xb6, 0x87, 0x00,
  // 6647: "ඈ"
  0x03, 0xe0, 0xb6, 0x88, 0x00,
  // 6652: "ආ᳴"
  0x06, 0xe0, 0xb6, 0x86, 0xe1, 0xb3, 0xb4, 0x00,
  // 6660: "්"
  0x03, 0xe0, 0xb7, 0x8a, 0x00,
  // 6665: "ා"
  0x03, 0xe0, 0xb7, 0x8f, 0x00,
  // 6670: "ි"
  0x03, 0xe0, 0xb7, 0x92, 0x00,
  // 6675: "ී"
  0x03, 0xe0, 0xb7, 0x93, 0x00,
  // 6680: "ු"
  0x03, 0xe0, 0xb7, 0x94, 0x00,
  // 6685: "ූ"
  0x03, 0xe0, 0xb7, 0x96, 0x00,
  // 6690: "ෘ"
  0x03, 0xe0, 0xb7, 0x98, 0x00,
  // 6695: "ෲ"
  0x03, 0xe0, 0xb7, 0xb2, 0x00,
  // 6700: "ෟ"
  0x03, 0xe0, 0xb7, 0x9f, 0x00,
  // 6705: "ෳ"
  0x03, 0xe0, 0xb7, 0xb3, 0x00,
  // 6710: "ෙ"
  0x03, 0xe0, 0xb7, 0x99, 0x00,
  // 6715: "ේ"
  0x03, 0xe0, 0xb7, 0x9a, 0x00,
  // 6720: "ෛ"
  0x03, 0xe0, 0xb7, 0x9b, 0x00,
  // 6725: "ො"
  0x03, 0xe0, 0xb7, 0x9c, 0x00,
  // 6730: "ෝ"
  0x03, 0xe0, 0xb7, 0x9d, 0x00,
  // 6735: "ෞ"
  0x03, 0xe0, 0xb7, 0x9e, 0x00,
  // 6740: "ැ"
  0x03, 0xe0, 0xb7, 0x90, 0x00,
  // 6745: "ෑ"
  0x03, 0xe0, 0xb7, 0x91, 0x00,
  // 6750: "ා᳴"
  0x06, 0xe0, 0xb7, 0x8f, 0xe1, 0xb3, 0xb4, 0x00,
  // 6758: "ක"
  0x03, 0xe0, 0xb6, 0x9a, 0x00,
  // 6763: "ඛ"
  0x03, 0xe0, 0xb6, 0x9b, 0x00,
  // 6768: "ග"
  0x03, 0xe0, 0xb6, 0x9c, 0x00,
  // 6773: "ඝ"
  0x03, 0xe0, 0xb6, 0x9d, 0x00,
  // 6778: "ඞ"
  0x03, 0xe0, 0xb6, 0x9e, 0x00,
  // 6783: "ච"
  0x03, 0xe0, 0xb6, 0xa0, 0x00,
  // 6788: "ඡ"
  0x03, 0xe0, 0xb6, 0xa1, 0x00,
  // 6793: "ජ"
  0x03, 0xe0, 0xb6, 0xa2, 0x00,
  // 6798: "ඣ"
  0x03, 0xe0, 0xb6, 0xa3, 0x00,
  // 6803: "ඤ"
  0x03, 0xe0, 0xb6, 0xa4, 0x00,
  // 6808: "ට"
  0x03, 0xe0, 0xb6, 0xa7, 0x00,
  // 6813: "ඨ"
  0x03, 0xe0, 0xb6, 0xa8, 0x00,
  // 6818: "ඩ"
  0x03, 0xe0, 0xb6, 0xa9, 0x00,
  // 6823: "ඪ"
  0x03, 0xe0, 0xb6, 0xaa, 0x00,
  // 6828: "ණ"
  0x03, 0xe0, 0xb6, 0xab, 0x00,
  // 6833: "ත"
  0x03, 0xe0, 0xb6, 0xad, 0x00,
  // 6838: "ථ"
  0x03, 0xe0, 0xb6, 0xae, 0x00,
  // 6843: "ද"
  0x03, 0xe0, 0xb6, 0xaf, 0x00,
  // 6848: "ධ"
  0x03, 0xe0, 0xb6, 0xb0, 0x00,
  // 6853: "න"
  0x03, 0xe0, 0xb6, 0xb1, 0x00,
  // 6858: "ප"
  0x03, 0xe0, 0xb6, 0xb4, 0x00,
  // 6863: "ඵ"
  0x03, 0xe0, 0xb6, 0xb5, 0x00,
  // 6868: "බ"
  0x03, 0xe0, 0xb6, 0xb6, 0x00,
  // 6873: "භ"
  0x03, 0xe0, 0xb6, 0xb7, 0x00,
  // 6878: "ම"
  0x03, 0xe0, 0xb6, 0xb8, 0x00,
  // 6883: "ය"
  0x03, 0xe0, 0xb6, 0xba, 0x00,
  // 6888: "ර"
  0x03, 0xe0, 0xb6, 0xbb, 0x00,
  // 6893: "ල"
  0x03, 0xe0, 0xb6, 0xbd, 0x00,
  // 6898: "ව"
  0x03, 0xe0, 0xb7, 0x80, 0x00,
  // 6903: "ශ"
  0x03, 0xe0, 0xb7, 0x81, 0x00,
  // 6908: "ෂ"
  0x03, 0xe0, 0xb7, 0x82, 0x00,
  // 6913: "ස"
  0x03, 0xe0, 0xb7, 0x83, 0x00,
  // 6918: "හ"
  0x03, 0xe0, 0xb7, 0x84, 0x00,
  // 6923: "ළ"
  0x03, 0xe0, 0xb7, 0x85, 0x00,
  // 6928: "ළ·"
  0x05, 0xe0, 0xb7, 0x85, 0xc2, 0xb7, 0x00,
  // 6935: "ර·"
  0x05, 0xe0, 0xb6, 0xbb, 0xc2, 0xb7, 0x00,
  // 6942: "න·"
  0x05, 0xe0, 0xb6, 0xb1, 0xc2, 0xb7, 0x00,
  // 6949: "ක·"
  0x05, 0xe0, 0xb6, 0x9a, 0xc2, 0xb7, 0x00,
  // 6956: "ඛ·"
  0x05, 0xe0, 0xb6, 0x9b, 0xc2, 0xb7, 0x00,
  // 6963: "ග·"
  0x05, 0xe0, 0xb6, 0x9c, 0xc2, 0xb7, 0x00,
  // 6970: "ජ·"
  0x05, 0xe0, 0xb6, 0xa2, 0xc2, 0xb7, 0x00,
  // 6977: "ඩ·"
  0x05, 0xe0, 0xb6, 0xa9, 0xc2, 0xb7, 0x00,
  // 6984: "ඪ·"
  0x05, 0xe0, 0xb6, 0xaa, 0xc2, 0xb7, 0x00,
  // 6991: "ෆ"
  0x03, 0xe0, 0xb7, 0x86, 0x00,
  // 6996: "ය·"
  0x05, 0xe0, 0xb6, 0xba, 0xc2, 0xb7, 0x00,
  // 7003: "ඟ"
  0x03, 0xe0, 0xb6, 0x9f, 0x00,
  // 7008: "ඦ"
  0x03, 0xe0, 0xb6, 0xa6, 0x00,
  // 7013: "ඬ"
  0x03, 0xe0, 0xb6, 0xac, 0x00,
  // 7018: "ඳ"
  0x03, 0xe0, 0xb6, 0xb3, 0x00,
  // 7023: "ඹ"
  0x03, 0xe0, 0xb6, 0xb9, 0x00,
  // 7028: "ංʼ"
  0x05, 0xe0, 0xb6, 0x82, 0xca, 0xbc, 0x00,
  // 7035: "ං"
  0x03, 0xe0, 0xb6, 0x82, 0x00,
  // 7040: "ඃ"
  0x03, 0xe0, 0xb6, 0x83, 0x00,
  // 7045: "ඃʼ"
  0x05, 0xe0, 0xb6, 0x83, 0xca, 0xbc, 0x00,
  // 7052: "෦"
  0x03, 0xe0, 0xb7, 0xa6, 0x00,
  // 7057: "෧"
  0x03, 0xe0, 0xb7, 0xa7, 0x00,
  // 7062: "෨"
  0x03, 0xe0, 0xb7, 0xa8, 0x00,
  // 7067: "෩"
  0x03, 0xe0, 0xb7, 0xa9, 0x00,
  // 7072: "෪"
  0x03, 0xe0, 0xb7, 0xaa, 0x00,
  // 7077: "෫"
  0x03, 0xe0, 0xb7, 0xab, 0x00,
  // 7082: "෬"
  0x03, 0xe0, 0xb7, 0xac, 0x00,
  // 7087: "෭"
  0x03, 0xe0, 0xb7, 0xad, 0x00,
  // 7092: "෮"
  0x03, 0xe0, 0xb7, 0xae, 0x00,
  // 7097: "෯"
  0x03, 0xe0, 0xb7, 0xaf, 0x00,
  // 7102: "ඕං"
  0x06, 0xe0, 0xb6, 0x95, 0xe0, 0xb6, 0x82, 0x00,
  // 7110: "(අ)"
  0x05, 0x28, 0xe0, 0xb6, 0x85, 0x29, 0x00,
  // 7117: "sinhala"
  0x07, 0x73, 0x69, 0x6e, 0x68, 0x61, 0x6c, 0x61, 0x00,
  // 7126: "F"
  0x01, 0x46, 0x00,
  // 7129: "X"
  0x01, 0x58, 0x00,
  // 7132: "e1"
  0x02, 0x65, 0x31, 0x00,
  // 7136: "o1"
  0x02, 0x6f, 0x31, 0x00,
  // 7140: "e2"
  0x02, 0x65, 0x32, 0x00,
  // 7144: "e4"
  0x02, 0x65, 0x34, 0x00,
  // 7148: "o2"
  0x02, 0x6f, 0x32, 0x00,
  // 7152: "C"
  0x01, 0x43, 0x00,
  // 7155: "w"
  0x01, 0x77, 0x00,
  // 7158: "W"
  0x01, 0x57, 0x00,
  // 7161: "Q"
  0x01, 0x51, 0x00,
  // 7164: "P"
  0x01, 0x50, 0x00,
  // 7167: "B"
  0x01, 0x42, 0x00,
  // 7170: "L0"
  0x02, 0x4c, 0x30, 0x00,
  // 7174: "k0"
  0x02, 0x6b, 0x30, 0x00,
  // 7178: "K0"
  0x02, 0x4b, 0x30, 0x00,
  // 7182: "g0"
  0x02, 0x67, 0x30, 0x00,
  // 7186: "j0"
  0x02, 0x6a, 0x30, 0x00,
  // 7190: "q0"
  0x02, 0x71, 0x30, 0x00,
  // 7194: "Q0"
  0x02, 0x51, 0x30, 0x00,
  // 7198: "P0"
  0x02, 0x50, 0x30, 0x00,
  // 7202: "Y0"
  0x02, 0x59, 0x30, 0x00,
  // 7206: "n*q"
  0x03, 0x6e, 0x2a, 0x71, 0x00,
  // 7211: "slp1"
  0x04, 0x73, 0x6c, 0x70, 0x31, 0x00,
  // 7217: "அ"
  0x03, 0xe0, 0xae, 0x85, 0x00,
  // 7222: "ஆ"
  0x03, 0xe0, 0xae, 0x86, 0x00,
  // 7227: "இ"
  0x03, 0xe0, 0xae, 0x87, 0x00,
  // 7232: "ஈ"
  0x03, 0xe0, 0xae, 0x88, 0x00,
  // 7237: "உ"
  0x03, 0xe0, 0xae, 0x89, 0x00,
  // 7242: "ஊ"
  0x03, 0xe0, 0xae, 0x8a, 0x00,
  // 7247: "ருʼ"
  0x08, 0xe0, 0xae, 0xb0, 0xe0, 0xaf, 0x81, 0xca, 0xbc, 0x00,
  // 7257: "ரூʼ"
  0x08, 0xe0, 0xae, 0xb0, 0xe0, 0xaf, 0x82, 0xca, 0xbc, 0x00,
  // 7267: "லுʼ"
  0x08, 0xe0, 0xae, 0xb2, 0xe0, 0xaf, 0x81, 0xca, 0xbc, 0x00,
  // 7277: "லூʼ"
  0x08, 0xe0, 0xae, 0xb2, 0xe0, 0xaf, 0x82, 0xca, 0xbc, 0x00,
  // 7287: "எ"
  0x03, 0xe0, 0xae, 0x8e, 0x00,
  // 7292: "ஏ"
  0x03, 0xe0, 0xae, 0x8f, 0x00,
  // 7297: "ஐ"
  0x03, 0xe0, 0xae, 0x90, 0x00,
  // 7302: "ஒ"
  0x03, 0xe0, 0xae, 0x92, 0x00,
  // 7307: "ஓ"
  0x03, 0xe0, 0xae, 0x93, 0x00,
  // 7312: "ஔ"
  0x03, 0xe0, 0xae, 0x94, 0x00,
  // 7317: "எʼ"
  0x05, 0xe0, 0xae, 0x8e, 0xca, 0xbc, 0x00,
  // 7324: "ஏʼ"
  0x05, 0xe0, 0xae, 0x8f, 0xca, 0xbc, 0x00,
  // 7331: "ஆʼ"
  0x05, 0xe0, 0xae, 0x86, 0xca, 0xbc, 0x00,
  // 7338: "்"
  0x03, 0xe0, 0xaf, 0x8d, 0x00,
  // 7343: "ா"
  0x03, 0xe0, 0xae, 0xbe, 0x00,
  // 7348: "ி"
  0x03, 0xe0, 0xae, 0xbf, 0x00,
  // 7353: "ீ"
  0x03, 0xe0, 0xaf, 0x80, 0x00,
  // 7358: "ு"
  0x03, 0xe0, 0xaf, 0x81, 0x00,
  // 7363: "ூ"
  0x03, 0xe0, 0xaf, 0x82, 0x00,
  // 7368: "்ருʼ"
  0x0b, 0xe0, 0xaf, 0x8d, 0xe0, 0xae, 0xb0, 0xe0, 0xaf, 0x81, 0xca, 0xbc, 0x00,
  // 7381: "்ரூʼ"
  0x0b, 0xe0, 0xaf, 0x8d, 0xe0, 0xae, 0xb0, 0xe0, 0xaf, 0x82, 0xca, 0xbc, 0x00,
  // 7394: "்லுʼ"
  0x0b, 0xe0, 0xaf, 0x8d, 0xe0, 0xae, 0xb2, 0xe0, 0xaf, 0x81, 0xca, 0xbc, 0x00,
  // 7407: "்லூʼ"
  0x0b, 0xe0, 0xaf, 0x8d, 0xe0, 0xae, 0xb2, 0xe0, 0xaf, 0x82, 0xca, 0xbc, 0x00,
  // 7420: "ெ"
  0x03, 0xe0, 0xaf, 0x86, 0x00,
  // 7425: "ே"
  0x03, 0xe0, 0xaf, 0x87, 0x00,
  // 7430: "ை"
  0x03, 0xe0, 0xaf, 0x88, 0x00,
  // 7435: "ொ"
  0x03, 0xe0, 0xaf, 0x8a, 0x00,
  // 7440: "ோ"
  0x03, 0xe0, 0xaf, 0x8b, 0x00,
  // 7445: "ௌ"
  0x03, 0xe0, 0xaf, 0x8c, 0x00,
  // 7450: "ெ᳴"
  0x06, 0xe0, 0xaf, 0x86, 0xe1, 0xb3, 0xb4, 0x00,
  // 7458: "ே᳴"
  0x06, 0xe0, 0xaf, 0x87, 0xe1, 0xb3, 0xb4, 0x00,
  // 7466: "ா᳴"
  0x06, 0xe0, 0xae, 0xbe, 0xe1, 0xb3, 0xb4, 0x00,
  // 7474: "க"
  0x03, 0xe0, 0xae, 0x95, 0x00,
  // 7479: "க²"
  0x05, 0xe0, 0xae, 0x95, 0xc2, 0xb2, 0x00,
  // 7486: "க³"
  0x05, 0xe0, 0xae, 0x95, 0xc2, 0xb3, 0x00,
  // 7493: "க⁴"
  0x06, 0xe0, 0xae, 0x95, 0xe2, 0x81, 0xb4, 0x00,
  // 7501: "ங"
  0x03, 0xe0, 0xae, 0x99, 0x00,
  // 7506: "ச"
  0x03, 0xe0, 0xae, 0x9a, 0x00,
  // 7511: "ச²"
  0x05, 0xe0, 0xae, 0x9a, 0xc2, 0xb2, 0x00,
  // 7518: "ஜ"
  0x03, 0xe0, 0xae, 0x9c, 0x00,
  // 7523: "ஜ²"
  0x05, 0xe0, 0xae, 0x9c, 0xc2, 0xb2, 0x00,
  // 7530: "ஞ"
  0x03, 0xe0, 0xae, 0x9e, 0x00,
  // 7535: "ட"
  0x03, 0xe0, 0xae, 0x9f, 0x00,
  // 7540: "ட²"
  0x05, 0xe0, 0xae, 0x9f, 0xc2, 0xb2, 0x00,
  // 7547: "ட³"
  0x05, 0xe0, 0xae, 0x9f, 0xc2, 0xb3, 0x00,
  // 7554: "ட⁴"
  0x06, 0xe0, 0xae, 0x9f, 0xe2, 0x81, 0xb4, 0x00,
  // 7562: "ண"
  0x03, 0xe0, 0xae, 0xa3, 0x00,
  // 7567: "த"
  0x03, 0xe0, 0xae, 0xa4, 0x00,
  // 7572: "த²"
  0x05, 0xe0, 0xae, 0xa4, 0xc2, 0xb2, 0x00,
  // 7579: "த³"
  0x05, 0xe0, 0xae, 0xa4, 0xc2, 0xb3, 0x00,
  // 7586: "த⁴"
  0x06, 0xe0, 0xae, 0xa4, 0xe2, 0x81, 0xb4, 0x00,
  // 7594: "ந"
  0x03, 0xe0, 0xae, 0xa8, 0x00,
  // 7599: "ப"
  0x03, 0xe0, 0xae, 0xaa, 0x00,
  // 7604: "ப²"
  0x05, 0xe0, 0xae, 0xaa, 0xc2, 0xb2, 0x00,
  // 7611: "ப³"
  0x05, 0xe0, 0xae, 0xaa, 0xc2, 0xb3, 0x00,
  // 7618: "ப⁴"
  0x06, 0xe0, 0xae, 0xaa, 0xe2, 0x81, 0xb4, 0x00,
  // 7626: "ம"
  0x03, 0xe0, 0xae, 0xae, 0x00,
  // 7631: "ய"
  0x03, 0xe0, 0xae, 0xaf, 0x00,
  // 7636: "ர"
  0x03, 0xe0, 0xae, 0xb0, 0x00,
  // 7641: "ல"
  0x03, 0xe0, 0xae, 0xb2, 0x00,
  // 7646: "வ"
  0x03, 0xe0, 0xae, 0xb5, 0x00,
  // 7651: "ஶ"
  0x03, 0xe0, 0xae, 0xb6, 0x00,
  // 7656: "ஷ"
  0x03, 0xe0, 0xae, 0xb7, 0x00,
  // 7661: "ஸ"
  0x03, 0xe0, 0xae, 0xb8, 0x00,
  // 7666: "ஹ"
  0x03, 0xe0, 0xae, 0xb9, 0x00,
  // 7671: "ள"
  0x03, 0xe0, 0xae, 0xb3, 0x00,
  // 7676: "ழ"
  0x03, 0xe0, 0xae, 0xb4, 0x00,
  // 7681: "ற"
  0x03, 0xe0, 0xae, 0xb1, 0x00,
  // 7686: "ன"
  0x03, 0xe0, 0xae, 0xa9, 0x00,
  // 7691: "ஃக"
  0x06, 0xe0, 0xae, 0x83, 0xe0, 0xae, 0x95, 0x00,
  // 7699: "ஃக²"
  0x08, 0xe0, 0xae, 0x83, 0xe0, 0xae, 0x95, 0xc2, 0xb2, 0x00,
  // 7709: "ஃக³"
  0x08, 0xe0, 0xae, 0x83, 0xe0, 0xae, 0x95, 0xc2, 0xb3, 0x00,
  // 7719: "ஃஜ"
  0x06, 0xe0, 0xae, 0x83, 0xe0, 0xae, 0x9c, 0x00,
  // 7727: "ஃட²"
  0x08, 0xe0, 0xae, 0x83, 0xe0, 0xae, 0x9f, 0xc2, 0xb2, 0x00,
  // 7737: "ஃட³"
  0x08, 0xe0, 0xae, 0x83, 0xe0, 0xae, 0x9f, 0xc2, 0xb3, 0x00,
  // 7747: "ஃப"
  0x06, 0xe0, 0xae, 0x83, 0xe0, 0xae, 0xaa, 0x00,
  // 7755: "ஃய"
  0x06, 0xe0, 0xae, 0x83, 0xe0, 0xae, 0xaf, 0x00,
  // 7763: "ங்ˆக³"
  0x0d, 0xe0, 0xae, 0x99, 0xe0, 0xaf, 0x8d, 0xcb, 0x86, 0xe0, 0xae, 0x95, 0xc2, 0xb3, 0x00,
  // 7778: "ஞ்ˆஜ³"
  0x0d, 0xe0, 0xae, 0x9e, 0xe0, 0xaf, 0x8d, 0xcb, 0x86, 0xe0, 0xae, 0x9c, 0xc2, 0xb3, 0x00,
  // 7793: "ண்ˆட³"
  0x0d, 0xe0, 0xae, 0xa3, 0xe0, 0xaf, 0x8d, 0xcb, 0x86, 0xe0, 0xae, 0x9f, 0xc2, 0xb3, 0x00,
  // 7808: "ந்ˆத³"
  0x0d, 0xe0, 0xae, 0xa8, 0xe0, 0xaf, 0x8d, 0xcb, 0x86, 0xe0, 0xae, 0xa4, 0xc2, 0xb3, 0x00,
  // 7823: "ம்ˆப³"
  0x0d, 0xe0, 0xae, 0xae, 0xe0, 0xaf, 0x8d, 0xcb, 0x86, 0xe0, 0xae, 0xaa, 0xc2, 0xb3, 0x00,
  // 7838: "ம்ˮ"
  0x08, 0xe0, 0xae, 0xae, 0xe0, 0xaf, 0x8d, 0xcb, 0xae, 0x00,
  // 7848: "ம்ʼ"
  0x08, 0xe0, 0xae, 0xae, 0xe0, 0xaf, 0x8d, 0xca, 0xbc, 0x00,
  // 7858: "꞉"
  0x03, 0xea, 0x9e, 0x89, 0x00,
  // 7863: "ஃ"
  0x03, 0xe0, 0xae, 0x83, 0x00,
  // 7868: "௦"
  0x03, 0xe0, 0xaf, 0xa6, 0x00,
  // 7873: "௧"
  0x03, 0xe0, 0xaf, 0xa7, 0x00,
  // 7878: "௨"
  0x03, 0xe0, 0xaf, 0xa8, 0x00,
  // 7883: "௩"
  0x03, 0xe0, 0xaf, 0xa9, 0x00,
  // 7888: "௪"
  0x03, 0xe0, 0xaf, 0xaa, 0x00,
  // 7893: "௫"
  0x03, 0xe0, 0xaf, 0xab, 0x00,
  // 7898: "௬"
  0x03, 0xe0, 0xaf, 0xac, 0x00,
  // 7903: "௭"
  0x03, 0xe0, 0xaf, 0xad, 0x00,
  // 7908: "௮"
  0x03, 0xe0, 0xaf, 0xae, 0x00,
  // 7913: "௯"
  0x03, 0xe0, 0xaf, 0xaf, 0x00,
  // 7918: "ௐ"
  0x03, 0xe0, 0xaf, 0x90, 0x00,
  // 7923: "(அ)"
  0x05, 0x28, 0xe0, 0xae, 0x85, 0x29, 0x00,
  // 7930: "tamil"
  0x05, 0x74, 0x61, 0x6d, 0x69, 0x6c, 0x00,
  // 7937: "ഏ᳴"
  0x06, 0xe0, 0xb4, 0x8f, 0xe1, 0xb3, 0xb4, 0x00,
  // 7945: "്‌"
  0x06, 0xe0, 0xb5, 0x8d, 0xe2, 0x80, 0x8c, 0x00,
  // 7953: "േ᳴"
  0x06, 0xe0, 0xb5, 0x87, 0xe1, 0xb3, 0xb4, 0x00,
  // 7961: "tamilExtended"
  0x0d, 0x74, 0x61, 0x6d, 0x69, 0x6c, 0x45, 0x78, 0x74, 0x65, 0x6e, 0x64, 0x65, 0x64, 0x00,
  // 7976: "అ"
  0x03, 0xe0, 0xb0, 0x85, 0x00,
  // 7981: "ఆ"
  0x03, 0xe0, 0xb0, 0x86, 0x00,
  // 7986: "ఇ"
  0x03, 0xe0, 0xb0, 0x87, 0x00,
  // 7991: "ఈ"
  0x03, 0xe0, 0xb0, 0x88, 0x00,
  // 7996: "ఉ"
  0x03, 0xe0, 0xb0, 0x89, 0x00,
  // 8001: "ఊ"
  0x03, 0xe0, 0xb0, 0x8a, 0x00,
  // 8006: "ఋ"
  0x03, 0xe0, 0xb0, 0x8b, 0x00,
  // 8011: "ౠ"
  0x03, 0xe0, 0xb1, 0xa0, 0x00,
  // 8016: "ఌ"
  0x03, 0xe0, 0xb0, 0x8c, 0x00,
  // 8021: "ౡ"
  0x03, 0xe0, 0xb1, 0xa1, 0x00,
  // 8026: "ఎ"
  0x03, 0xe0, 0xb0, 0x8e, 0x00,
  // 8031: "ఏ"
  0x03, 0xe0, 0xb0, 0x8f, 0x00,
  // 8036: "ఐ"
  0x03, 0xe0, 0xb0, 0x90, 0x00,
  // 8041: "ఒ"
  0x03, 0xe0, 0xb0, 0x92, 0x00,
  // 8046: "ఓ"
  0x03, 0xe0, 0xb0, 0x93, 0x00,
  // 8051: "ఔ"
  0x03, 0xe0, 0xb0, 0x94, 0x00,
  // 8056: "ఎ᳴​"
  0x09, 0xe0, 0xb0, 0x8e, 0xe1, 0xb3, 0xb4, 0xe2, 0x80, 0x8b, 0x00,
  // 8067: "ఏ᳴"
  0x06, 0xe0, 0xb0, 0x8f, 0xe1, 0xb3, 0xb4, 0x00,
  // 8075: "ఒ᳴​"
  0x09, 0xe0, 0xb0, 0x92, 0xe1, 0xb3, 0xb4, 0xe2, 0x80, 0x8b, 0x00,
  // 8086: "్"
  0x03, 0xe0, 0xb1, 0x8d, 0x00,
  // 8091: "ా"
  0x03, 0xe0, 0xb0, 0xbe, 0x00,
  // 8096: "ి"
  0x03, 0xe0, 0xb0, 0xbf, 0x00,
  // 8101: "ీ"
  0x03, 0xe0, 0xb1, 0x80, 0x00,
  // 8106: "ు"
  0x03, 0xe0, 0xb1, 0x81, 0x00,
  // 8111: "ూ"
  0x03, 0xe0, 0xb1, 0x82, 0x00,
  // 8116: "ృ"
  0x03, 0xe0, 0xb1, 0x83, 0x00,
  // 8121: "ౄ"
  0x03, 0xe0, 0xb1, 0x84, 0x00,
  // 8126: "ౢ"
  0x03, 0xe0, 0xb1, 0xa2, 0x00,
  // 8131: "ౣ"
  0x03, 0xe0, 0xb1, 0xa3, 0x00,
  // 8136: "ె"
  0x03, 0xe0, 0xb1, 0x86, 0x00,
  // 8141: "ే"
  0x03, 0xe0, 0xb1, 0x87, 0x00,
  // 8146: "ై"
  0x03, 0xe0, 0xb1, 0x88, 0x00,
  // 8151: "ొ"
  0x03, 0xe0, 0xb1, 0x8a, 0x00,
  // 8156: "ో"
  0x03, 0xe0, 0xb1, 0x8b, 0x00,
  // 8161: "ౌ"
  0x03, 0xe0, 0xb1, 0x8c, 0x00,
  // 8166: "ె॒​"
  0x09, 0xe0, 0xb1, 0x86, 0xe0, 0xa5, 0x92, 0xe2, 0x80, 0x8b, 0x00,
  // 8177: "ే॒​"
  0x09, 0xe0, 0xb1, 0x87, 0xe0, 0xa5, 0x92, 0xe2, 0x80, 0x8b, 0x00,
  // 8188: "ొ॒​"
  0x09, 0xe0, 0xb1, 0x8a, 0xe0, 0xa5, 0x92, 0xe2, 0x80, 0x8b, 0x00,
  // 8199: "క"
  0x03, 0xe0, 0xb0, 0x95, 0x00,
  // 8204: "ఖ"
  0x03, 0xe0, 0xb0, 0x96, 0x00,
  // 8209: "గ"
  0x03, 0xe0, 0xb0, 0x97, 0x00,
  // 8214: "ఘ"
  0x03, 0xe0, 0xb0, 0x98, 0x00,
  // 8219: "ఙ"
  0x03, 0xe0, 0xb0, 0x99, 0x00,
  // 8224: "చ"
  0x03, 0xe0, 0xb0, 0x9a, 0x00,
  // 8229: "ఛ"
  0x03, 0xe0, 0xb0, 0x9b, 0x00,
  // 8234: "జ"
  0x03, 0xe0, 0xb0, 0x9c, 0x00,
  // 8239: "ఝ"
  0x03, 0xe0, 0xb0, 0x9d, 0x00,
  // 8244: "ఞ"
  0x03, 0xe0, 0xb0, 0x9e, 0x00,
  // 8249: "ట"
  0x03, 0xe0, 0xb0, 0x9f, 0x00,
  // 8254: "ఠ"
  0x03, 0xe0, 0xb0, 0xa0, 0x00,
  // 8259: "డ"
  0x03, 0xe0, 0xb0, 0xa1, 0x00,
  // 8264: "ఢ"
  0x03, 0xe0, 0xb0, 0xa2, 0x00,
  // 8269: "ణ"
  0x03, 0xe0, 0xb0, 0xa3, 0x00,
  // 8274: "త"
  0x03, 0xe0, 0xb0, 0xa4, 0x00,
  // 8279: "థ"
  0x03, 0xe0, 0xb0, 0xa5, 0x00,
  // 8284: "ద"
  0x03, 0xe0, 0xb0, 0xa6, 0x00,
  // 8289: "ధ"
  0x03, 0xe0, 0xb0, 0xa7, 0x00,
  // 8294: "న"
  0x03, 0xe0, 0xb0, 0xa8, 0x00,
  // 8299: "ప"
  0x03, 0xe0, 0xb0, 0xaa, 0x00,
  // 8304: "ఫ"
  0x03, 0xe0, 0xb0, 0xab, 0x00,
  // 8309: "బ"
  0x03, 0xe0, 0xb0, 0xac, 0x00,
  // 8314: "భ"
  0x03, 0xe0, 0xb0, 0xad, 0x00,
  // 8319: "మ"
  0x03, 0xe0, 0xb0, 0xae, 0x00,
  // 8324: "య"
  0x03, 0xe0, 0xb0, 0xaf, 0x00,
  // 8329: "ర"
  0x03, 0xe0, 0xb0, 0xb0, 0x00,
  // 8334: "ల"
  0x03, 0xe0, 0xb0, 0xb2, 0x00,
  // 8339: "వ"
  0x03, 0xe0, 0xb0, 0xb5, 0x00,
  // 8344: "శ"
  0x03, 0xe0, 0xb0, 0xb6, 0x00,
  // 8349: "ష"
  0x03, 0xe0, 0xb0, 0xb7, 0x00,
  // 8354: "స"
  0x03, 0xe0, 0xb0, 0xb8, 0x00,
  // 8359: "హ"
  0x03, 0xe0, 0xb0, 0xb9, 0x00,
  // 8364: "ళ"
  0x03, 0xe0, 0xb0, 0xb3, 0x00,
  // 8369: "ఴ"
  0x03, 0xe0, 0xb0, 0xb4, 0x00,
  // 8374: "ఱ"
  0x03, 0xe0, 0xb0, 0xb1, 0x00,
  // 8379: "న·"
  0x05, 0xe0, 0xb0, 0xa8, 0xc2, 0xb7, 0x00,
  // 8386: "క·"
  0x05, 0xe0, 0xb0, 0x95, 0xc2, 0xb7, 0x00,
  // 8393: "ఖ·"
  0x05, 0xe0, 0xb0, 0x96, 0xc2, 0xb7, 0x00,
  // 8400: "గ·"
  0x05, 0xe0, 0xb0, 0x97, 0xc2, 0xb7, 0x00,
  // 8407: "జ·"
  0x05, 0xe0, 0xb0, 0x9c, 0xc2, 0xb7, 0x00,
  // 8414: "డ·"
  0x05, 0xe0, 0xb0, 0xa1, 0xc2, 0xb7, 0x00,
  // 8421: "ఢ·"
  0x05, 0xe0, 0xb0, 0xa2, 0xc2, 0xb7, 0x00,
  // 8428: "ఫ·"
  0x05, 0xe0, 0xb0, 0xab, 0xc2, 0xb7, 0x00,
  // 8435: "య·"
  0x05, 0xe0, 0xb0, 0xaf, 0xc2, 0xb7, 0x00,
  // 8442: "ఁˆగ"
  0x08, 0xe0, 0xb0, 0x81, 0xcb, 0x86, 0xe0, 0xb0, 0x97, 0x00,
  // 8452: "ఁˆజ"
  0x08, 0xe0, 0xb0, 0x81, 0xcb, 0x86, 0xe0, 0xb0, 0x9c, 0x00,
  // 8462: "ఁˆడ"
  0x08, 0xe0, 0xb0, 0x81, 0xcb, 0x86, 0xe0, 0xb0, 0xa1, 0x00,
  // 8472: "ఁˆద"
  0x08, 0xe0, 0xb0, 0x81, 0xcb, 0x86, 0xe0, 0xb0, 0xa6, 0x00,
  // 8482: "ఁˆబ"
  0x08, 0xe0, 0xb0, 0x81, 0xcb, 0x86, 0xe0, 0xb0, 0xac, 0x00,
  // 8492: "ఀ"
  0x03, 0xe0, 0xb0, 0x80, 0x00,
  // 8497: "ం"
  0x03, 0xe0, 0xb0, 0x82, 0x00,
  // 8502: "ః"
  0x03, 0xe0, 0xb0, 0x83, 0x00,
  // 8507: "ఃʼ"
  0x05, 0xe0, 0xb0, 0x83, 0xca, 0xbc, 0x00,
  // 8514: "౦"
  0x03, 0xe0, 0xb1, 0xa6, 0x00,
  // 8519: "౧"
  0x03, 0xe0, 0xb1, 0xa7, 0x00,
  // 8524: "౨"
  0x03, 0xe0, 0xb1, 0xa8, 0x00,
  // 8529: "౩"
  0x03, 0xe0, 0xb1, 0xa9, 0x00,
  // 8534: "౪"
  0x03, 0xe0, 0xb1, 0xaa, 0x00,
  // 8539: "౫"
  0x03, 0xe0, 0xb1, 0xab, 0x00,
  // 8544: "౬"
  0x03, 0xe0, 0xb1, 0xac, 0x00,
  // 8549: "౭"
  0x03, 0xe0, 0xb1, 0xad, 0x00,
  // 8554: "౮"
  0x03, 0xe0, 0xb1, 0xae, 0x00,
  // 8559: "౯"
  0x03, 0xe0, 0xb1, 0xaf, 0x00,
  // 8564: "ఓం"
  0x06, 0xe0, 0xb0, 0x93, 0xe0, 0xb0, 0x82, 0x00,
  // 8572: "ఽ"
  0x03, 0xe0, 0xb0, 0xbd, 0x00,
  // 8577: "telugu"
  0x06, 0x74, 0x65, 0x6c, 0x75, 0x67, 0x75, 0x00,
  // 8585: "อ"
  0x03, 0xe0, 0xb8, 0xad, 0x00,
  // 8590: "อา"
  0x06, 0xe0, 0xb8, 0xad, 0xe0, 0xb8, 0xb2, 0x00,
  // 8598: "อิ"
  0x06, 0xe0, 0xb8, 0xad, 0xe0, 0xb8, 0xb4, 0x00,
  // 8606: "อี"
  0x06, 0xe0, 0xb8, 0xad, 0xe0, 0xb8, 0xb5, 0x00,
  // 8614: "อุ"
  0x06, 0xe0, 0xb8, 0xad, 0xe0, 0xb8, 0xb8, 0x00,
  // 8622: "อู"
  0x06, 0xe0, 0xb8, 0xad, 0xe0, 0xb8, 0xb9, 0x00,
  // 8630: "ฤ"
  0x03, 0xe0, 0xb8, 0xa4, 0x00,
  // 8635: "ฤๅ"
  0x06, 0xe0, 0xb8, 0xa4, 0xe0, 0xb9, 0x85, 0x00,
  // 8643: "ฦ"
  0x03, 0xe0, 0xb8, 0xa6, 0x00,
  // 8648: "ฦๅ"
  0x06, 0xe0, 0xb8, 0xa6, 0xe0, 0xb9, 0x85, 0x00,
  // 8656: "อเะ"
  0x09, 0xe0, 0xb8, 0xad, 0xe0, 0xb9, 0x80, 0xe0, 0xb8, 0xb0, 0x00,
  // 8667: "อเ"
  0x06, 0xe0, 0xb8, 0xad, 0xe0, 0xb9, 0x80, 0x00,
  // 8675: "อไ"
  0x06, 0xe0, 0xb8, 0xad, 0xe0, 0xb9, 0x84, 0x00,
  // 8683: "อโะ"
  0x09, 0xe0, 0xb8, 0xad, 0xe0, 0xb9, 0x82, 0xe0, 0xb8, 0xb0, 0x00,
  // 8694: "อโ"
  0x06, 0xe0, 0xb8, 0xad, 0xe0, 0xb9, 0x82, 0x00,
  // 8702: "อเา"
  0x09, 0xe0, 0xb8, 0xad, 0xe0, 0xb9, 0x80, 0xe0, 0xb8, 0xb2, 0x00,
  // 8713: "อแะ"
  0x09, 0xe0, 0xb8, 0xad, 0xe0, 0xb9, 0x81, 0xe0, 0xb8, 0xb0, 0x00,
  // 8724: "อแ"
  0x06, 0xe0, 0xb8, 0xad, 0xe0, 0xb9, 0x81, 0x00,
  // 8732: "อเาะ"
  0x0c, 0xe0, 0xb8, 0xad, 0xe0, 0xb9, 0x80, 0xe0, 0xb8, 0xb2, 0xe0, 0xb8, 0xb0, 0x00,
  // 8746: "ฺ"
  0x03, 0xe0, 0xb8, 0xba, 0x00,
  // 8751: "า"
  0x03, 0xe0, 0xb8, 0xb2, 0x00,
  // 8756: "ิ"
  0x03, 0xe0, 0xb8, 0xb4, 0x00,
  // 8761: "ี"
  0x03, 0xe0, 0xb8, 0xb5, 0x00,
  // 8766: "ุ"
  0x03, 0xe0, 0xb8, 0xb8, 0x00,
  // 8771: "ู"
  0x03, 0xe0, 0xb8, 0xb9, 0x00,
  // 8776: "ฺฤ"
  0x06, 0xe0, 0xb8, 0xba, 0xe0, 0xb8, 0xa4, 0x00,
  // 8784: "ฺฤๅ"
  0x09, 0xe0, 0xb8, 0xba, 0xe0, 0xb8, 0xa4, 0xe0, 0xb9, 0x85, 0x00,
  // 8795: "ฺฦ"
  0x06, 0xe0, 0xb8, 0xba, 0xe0, 0xb8, 0xa6, 0x00,
  // 8803: "ฺฦๅ"
  0x09, 0xe0, 0xb8, 0xba, 0xe0, 0xb8, 0xa6, 0xe0, 0xb9, 0x85, 0x00,
  // 8814: "เะ"
  0x06, 0xe0, 0xb9, 0x80, 0xe0, 0xb8, 0xb0, 0x00,
  // 8822: "เ"
  0x03, 0xe0, 0xb9, 0x80, 0x00,
  // 8827: "ไ"
  0x03, 0xe0, 0xb9, 0x84, 0x00,
  // 8832: "โะ"
  0x06, 0xe0, 0xb9, 0x82, 0xe0, 0xb8, 0xb0, 0x00,
  // 8840: "โ"
  0x03, 0xe0, 0xb9, 0x82, 0x00,
  // 8845: "เา"
  0x06, 0xe0, 0xb9, 0x80, 0xe0, 0xb8, 0xb2, 0x00,
  // 8853: "แะ"
  0x06, 0xe0, 0xb9, 0x81, 0xe0, 0xb8, 0xb0, 0x00,
  // 8861: "แ"
  0x03, 0xe0, 0xb9, 0x81, 0x00,
  // 8866: "เาะ"
  0x09, 0xe0, 0xb9, 0x80, 0xe0, 0xb8, 0xb2, 0xe0, 0xb8, 0xb0, 0x00,
  // 8877: "ก"
  0x03, 0xe0, 0xb8, 0x81, 0x00,
  // 8882: "ข"
  0x03, 0xe0, 0xb8, 0x82, 0x00,
  // 8887: "ค"
  0x03, 0xe0, 0xb8, 0x84, 0x00,
  // 8892: "ฆ"
  0x03, 0xe0, 0xb8, 0x86, 0x00,
  // 8897: "ง"
  0x03, 0xe0, 0xb8, 0x87, 0x00,
  // 8902: "จ"
  0x03, 0xe0, 0xb8, 0x88, 0x00,
  // 8907: "ฉ"
  0x03, 0xe0, 0xb8, 0x89, 0x00,
  // 8912: "ช"
  0x03, 0xe0, 0xb8, 0x8a, 0x00,
  // 8917: "ฌ"
  0x03, 0xe0, 0xb8, 0x8c, 0x00,
  // 8922: "ญ"
  0x03, 0xe0, 0xb8, 0x8d, 0x00,
  // 8927: "ฏ"
  0x03, 0xe0, 0xb8, 0x8f, 0x00,
  // 8932: "ฐ"
  0x03, 0xe0, 0xb8, 0x90, 0x00,
  // 8937: "ฑ"
  0x03, 0xe0, 0xb8, 0x91, 0x00,
  // 8942: "ฒ"
  0x03, 0xe0, 0xb8, 0x92, 0x00,
  // 8947: "ณ"
  0x03, 0xe0, 0xb8, 0x93, 0x00,
  // 8952: "ต"
  0x03, 0xe0, 0xb8, 0x95, 0x00,
  // 8957: "ถ"
  0x03, 0xe0, 0xb8, 0x96, 0x00,
  // 8962: "ท"
  0x03, 0xe0, 0xb8, 0x97, 0x00,
  // 8967: "ธ"
  0x03, 0xe0, 0xb8, 0x98, 0x00,
  // 8972: "น"
  0x03, 0xe0, 0xb8, 0x99, 0x00,
  // 8977: "ป"
  0x03, 0xe0, 0xb8, 0x9b, 0x00,
  // 8982: "ผ"
  0x03, 0xe0, 0xb8, 0x9c, 0x00,
  // 8987: "พ"
  0x03, 0xe0, 0xb8, 0x9e, 0x00,
  // 8992: "ภ"
  0x03, 0xe0, 0xb8, 0xa0, 0x00,
  // 8997: "ม"
  0x03, 0xe0, 0xb8, 0xa1, 0x00,
  // 9002: "ย"
  0x03, 0xe0, 0xb8, 0xa2, 0x00,
  // 9007: "ร"
  0x03, 0xe0, 0xb8, 0xa3, 0x00,
  // 9012: "ล"
  0x03, 0xe0, 0xb8, 0xa5, 0x00,
  // 9017: "ว"
  0x03, 0xe0, 0xb8, 0xa7, 0x00,
  // 9022: "ศ"
  0x03, 0xe0, 0xb8, 0xa8, 0x00,
  // 9027: "ษ"
  0x03, 0xe0, 0xb8, 0xa9, 0x00,
  // 9032: "ส"
  0x03, 0xe0, 0xb8, 0xaa, 0x00,
  // 9037: "ห"
  0x03, 0xe0, 0xb8, 0xab, 0x00,
  // 9042: "ฬ"
  0x03, 0xe0, 0xb8, 0xac, 0x00,
  // 9047: "ฬʽ"
  0x05, 0xe0, 0xb8, 0xac, 0xca, 0xbd, 0x00,
  // 9054: "รʽ"
  0x05, 0xe0, 0xb8, 0xa3, 0xca, 0xbd, 0x00,
  // 9061: "นʽ"
  0x05, 0xe0, 0xb8, 0x99, 0xca, 0xbd, 0x00,
  // 9068: "กʽ"
  0x05, 0xe0, 0xb8, 0x81, 0xca, 0xbd, 0x00,
  // 9075: "ฃ"
  0x03, 0xe0, 0xb8, 0x83, 0x00,
  // 9080: "ฅ"
  0x03, 0xe0, 0xb8, 0x85, 0x00,
  // 9085: "ซ"
  0x03, 0xe0, 0xb8, 0x8b, 0x00,
  // 9090: "รฺหʽ"
  0x0b, 0xe0, 0xb8, 0xa3, 0xe0, 0xb8, 0xba, 0xe0, 0xb8, 0xab, 0xca, 0xbd, 0x00,
  // 9103: "ฟ"
  0x03, 0xe0, 0xb8, 0x9f, 0x00,
  // 9108: "ยʽ"
  0x05, 0xe0, 0xb8, 0xa2, 0xca, 0xbd, 0x00,
  // 9115: "ํคʽ"
  0x08, 0xe0, 0xb9, 0x8d, 0xe0, 0xb8, 0x84, 0xca, 0xbd, 0x00,
  // 9125: "ํชʽ"
  0x08, 0xe0, 0xb9, 0x8d, 0xe0, 0xb8, 0x8a, 0xca, 0xbd, 0x00,
  // 9135: "ํฑʽ"
  0x08, 0xe0, 0xb9, 0x8d, 0xe0, 0xb8, 0x91, 0xca, 0xbd, 0x00,
  // 9145: "ํทʽ"
  0x08, 0xe0, 0xb9, 0x8d, 0xe0, 0xb8, 0x97, 0xca, 0xbd, 0x00,
  // 9155: "ํพʽ"
  0x08, 0xe0, 0xb9, 0x8d, 0xe0, 0xb8, 0x9e, 0xca, 0xbd, 0x00,
  // 9165: "ํʽ"
  0x05, 0xe0, 0xb9, 0x8d, 0xca, 0xbd, 0x00,
  // 9172: "ํ"
  0x03, 0xe0, 0xb9, 0x8d, 0x00,
  // 9177: "ห์"
  0x06, 0xe0, 0xb8, 0xab, 0xe0, 0xb9, 0x8c, 0x00,
  // 9185: "ห์ʽ"
  0x08, 0xe0, 0xb8, 0xab, 0xe0, 0xb9, 0x8c, 0xca, 0xbd, 0x00,
  // 9195: "๐"
  0x03, 0xe0, 0xb9, 0x90, 0x00,
  // 9200: "๑"
  0x03, 0xe0, 0xb9, 0x91, 0x00,
  // 9205: "๒"
  0x03, 0xe0, 0xb9, 0x92, 0x00,
  // 9210: "๓"
  0x03, 0xe0, 0xb9, 0x93, 0x00,
  // 9215: "๔"
  0x03, 0xe0, 0xb9, 0x94, 0x00,
  // 9220: "๕"
  0x03, 0xe0, 0xb9, 0x95, 0x00,
  // 9225: "๖"
  0x03, 0xe0, 0xb9, 0x96, 0x00,
  // 9230: "๗"
  0x03, 0xe0, 0xb9, 0x97, 0x00,
  // 9235: "๘"
  0x03, 0xe0, 0xb9, 0x98, 0x00,
  // 9240: "๙"
  0x03, 0xe0, 0xb9, 0x99, 0x00,
  // 9245: "โอํ"
  0x09, 0xe0, 0xb9, 0x82, 0xe0, 0xb8, 0xad, 0xe0, 0xb9, 0x8d, 0x00,
  // 9256: "ฯ"
  0x03, 0xe0, 0xb8, 0xaf, 0x00,
  // 9261: "๚"
  0x03, 0xe0, 0xb9, 0x9a, 0x00,
  // 9266: "thai"
  0x04, 0x74, 0x68, 0x61, 0x69, 0x00,
  // 9272: "ཨ"
  0x03, 0xe0, 0xbd, 0xa8, 0x00,
  // 9277: "ཨཱ"
  0x06, 0xe0, 0xbd, 0xa8, 0xe0, 0xbd, 0xb1, 0x00,
  // 9285: "ཨི"
  0x06, 0xe0, 0xbd, 0xa8, 0xe0, 0xbd, 0xb2, 0x00,
  // 9293: "ཨཱི"
  0x09, 0xe0, 0xbd, 0xa8, 0xe0, 0xbd, 0xb1, 0xe0, 0xbd, 0xb2, 0x00,
  // 9304: "ཨུ"
  0x06, 0xe0, 0xbd, 0xa8, 0xe0, 0xbd, 0xb4, 0x00,
  // 9312: "ཨཱུ"
  0x09, 0xe0, 0xbd, 0xa8, 0xe0, 0xbd, 0xb1, 0xe0, 0xbd, 0xb4, 0x00,
  // 9323: "རྀ"
  0x06, 0xe0, 0xbd, 0xa2, 0xe0, 0xbe, 0x80, 0x00,
  // 9331: "རཱྀ"
  0x09, 0xe0, 0xbd, 0xa2, 0xe0, 0xbd, 0xb1, 0xe0, 0xbe, 0x80, 0x00,
  // 9342: "ལྀ"
  0x06, 0xe0, 0xbd, 0xa3, 0xe0, 0xbe, 0x80, 0x00,
  // 9350: "ལཱྀ"
  0x09, 0xe0, 0xbd, 0xa3, 0xe0, 0xbd, 0xb1, 0xe0, 0xbe, 0x80, 0x00,
  // 9361: "ཨེʽ"
  0x08, 0xe0, 0xbd, 0xa8, 0xe0, 0xbd, 0xba, 0xca, 0xbd, 0x00,
  // 9371: "ཨེ"
  0x06, 0xe0, 0xbd, 0xa8, 0xe0, 0xbd, 0xba, 0x00,
  // 9379: "ཨཻ"
  0x06, 0xe0, 0xbd, 0xa8, 0xe0, 0xbd, 0xbb, 0x00,
  // 9387: "ཨོʽ"
  0x08, 0xe0, 0xbd, 0xa8, 0xe0, 0xbd, 0xbc, 0xca, 0xbd, 0x00,
  // 9397: "ཨོ"
  0x06, 0xe0, 0xbd, 0xa8, 0xe0, 0xbd, 0xbc, 0x00,
  // 9405: "ཨཽ"
  0x06, 0xe0, 0xbd, 0xa8, 0xe0, 0xbd, 0xbd, 0x00,
  // 9413: "ཨཱʽ"
  0x08, 0xe0, 0xbd, 0xa8, 0xe0, 0xbd, 0xb1, 0xca, 0xbd, 0x00,
  // 9423: "྄"
  0x03, 0xe0, 0xbe, 0x84, 0x00,
  // 9428: "ཱ"
  0x03, 0xe0, 0xbd, 0xb1, 0x00,
  // 9433: "ི"
  0x03, 0xe0, 0xbd, 0xb2, 0x00,
  // 9438: "ཱི"
  0x06, 0xe0, 0xbd, 0xb1, 0xe0, 0xbd, 0xb2, 0x00,
  // 9446: "ུ"
  0x03, 0xe0, 0xbd, 0xb4, 0x00,
  // 9451: "ཱུ"
  0x06, 0xe0, 0xbd, 0xb1, 0xe0, 0xbd, 0xb4, 0x00,
  // 9459: "ྲྀ"
  0x06, 0xe0, 0xbe, 0xb2, 0xe0, 0xbe, 0x80, 0x00,
  // 9467: "ྲཱྀ"
  0x09, 0xe0, 0xbe, 0xb2, 0xe0, 0xbd, 0xb1, 0xe0, 0xbe, 0x80, 0x00,
  // 9478: "ླྀ"
  0x06, 0xe0, 0xbe, 0xb3, 0xe0, 0xbe, 0x80, 0x00,
  // 9486: "ླཱྀ"
  0x09, 0xe0, 0xbe, 0xb3, 0xe0, 0xbd, 0xb1, 0xe0, 0xbe, 0x80, 0x00,
  // 9497: "ེʽ"
  0x05, 0xe0, 0xbd, 0xba, 0xca, 0xbd, 0x00,
  // 9504: "ེ"
  0x03, 0xe0, 0xbd, 0xba, 0x00,
  // 9509: "ཻ"
  0x03, 0xe0, 0xbd, 0xbb, 0x00,
  // 9514: "ོʽ"
  0x05, 0xe0, 0xbd, 0xbc, 0xca, 0xbd, 0x00,
  // 9521: "ོ"
  0x03, 0xe0, 0xbd, 0xbc, 0x00,
  // 9526: "ཽ"
  0x03, 0xe0, 0xbd, 0xbd, 0x00,
  // 9531: "ཱʽ"
  0x05, 0xe0, 0xbd, 0xb1, 0xca, 0xbd, 0x00,
  // 9538: "ཀ"
  0x03, 0xe0, 0xbd, 0x80, 0x00,
  // 9543: "ཁ"
  0x03, 0xe0, 0xbd, 0x81, 0x00,
  // 9548: "ག"
  0x03, 0xe0, 0xbd, 0x82, 0x00,
  // 9553: "གྷ"
  0x03, 0xe0, 0xbd, 0x83, 0x00,
  // 9558: "ང"
  0x03, 0xe0, 0xbd, 0x84, 0x00,
  // 9563: "ཙ"
  0x03, 0xe0, 0xbd, 0x99, 0x00,
  // 9568: "ཚ"
  0x03, 0xe0, 0xbd, 0x9a, 0x00,
  // 9573: "ཛ"
  0x03, 0xe0, 0xbd, 0x9b, 0x00,
  // 9578: "ཛྷ"
  0x03, 0xe0, 0xbd, 0x9c, 0x00,
  // 9583: "ཉ"
  0x03, 0xe0, 0xbd, 0x89, 0x00,
  // 9588: "ཊ"
  0x03, 0xe0, 0xbd, 0x8a, 0x00,
  // 9593: "ཋ"
  0x03, 0xe0, 0xbd, 0x8b, 0x00,
  // 9598: "ཌ"
  0x03, 0xe0, 0xbd, 0x8c, 0x00,
  // 9603: "ཌྷ"
  0x03, 0xe0, 0xbd, 0x8d, 0x00,
  // 9608: "ཎ"
  0x03, 0xe0, 0xbd, 0x8e, 0x00,
  // 9613: "ཏ"
  0x03, 0xe0, 0xbd, 0x8f, 0x00,
  // 9618: "ཐ"
  0x03, 0xe0, 0xbd, 0x90, 0x00,
  // 9623: "ད"
  0x03, 0xe0, 0xbd, 0x91, 0x00,
  // 9628: "དྷ"
  0x03, 0xe0, 0xbd, 0x92, 0x00,
  // 9633: "ན"
  0x03, 0xe0, 0xbd, 0x93, 0x00,
  // 9638: "པ"
  0x03, 0xe0, 0xbd, 0x94, 0x00,
  // 9643: "ཕ"
  0x03, 0xe0, 0xbd, 0x95, 0x00,
  // 9648: "བ"
  0x03, 0xe0, 0xbd, 0x96, 0x00,
  // 9653: "བྷ"
  0x03, 0xe0, 0xbd, 0x97, 0x00,
  // 9658: "མ"
  0x03, 0xe0, 0xbd, 0x98, 0x00,
  // 9663: "ཡ"
  0x03, 0xe0, 0xbd, 0xa1, 0x00,
  // 9668: "ར"
  0x03, 0xe0, 0xbd, 0xa2, 0x00,
  // 9673: "ལ"
  0x03, 0xe0, 0xbd, 0xa3, 0x00,
  // 9678: "ཝ"
  0x03, 0xe0, 0xbd, 0x9d, 0x00,
  // 9683: "ཤ"
  0x03, 0xe0, 0xbd, 0xa4, 0x00,
  // 9688: "ཥ"
  0x03, 0xe0, 0xbd, 0xa5, 0x00,
  // 9693: "ས"
  0x03, 0xe0, 0xbd, 0xa6, 0x00,
  // 9698: "ཧ"
  0x03, 0xe0, 0xbd, 0xa7, 0x00,
  // 9703: "ལ༹"
  0x06, 0xe0, 0xbd, 0xa3, 0xe0, 0xbc, 0xb9, 0x00,
  // 9711: "ཥ༹"
  0x06, 0xe0, 0xbd, 0xa5, 0xe0, 0xbc, 0xb9, 0x00,
  // 9719: "ར༹"
  0x06, 0xe0, 0xbd, 0xa2, 0xe0, 0xbc, 0xb9, 0x00,
  // 9727: "ན༹"
  0x06, 0xe0, 0xbd, 0x93, 0xe0, 0xbc, 0xb9, 0x00,
  // 9735: "ཀ༹"
  0x06, 0xe0, 0xbd, 0x80, 0xe0, 0xbc, 0xb9, 0x00,
  // 9743: "ཁ༹"
  0x06, 0xe0, 0xbd, 0x81, 0xe0, 0xbc, 0xb9, 0x00,
  // 9751: "ག༹"
  0x06, 0xe0, 0xbd, 0x82, 0xe0, 0xbc, 0xb9, 0x00,
  // 9759: "ཟ"
  0x03, 0xe0, 0xbd, 0x9f, 0x00,
  // 9764: "ཌ༹"
  0x06, 0xe0, 0xbd, 0x8c, 0xe0, 0xbc, 0xb9, 0x00,
  // 9772: "ཌྷ༹"
  0x06, 0xe0, 0xbd, 0x8d, 0xe0, 0xbc, 0xb9, 0x00,
  // 9780: "ཕ༹"
  0x06, 0xe0, 0xbd, 0x95, 0xe0, 0xbc, 0xb9, 0x00,
  // 9788: "ཡ༹"
  0x06, 0xe0, 0xbd, 0xa1, 0xe0, 0xbc, 0xb9, 0x00,
  // 9796: "ྃཀʽ"
  0x08, 0xe0, 0xbe, 0x83, 0xe0, 0xbd, 0x80, 0xca, 0xbd, 0x00,
  // 9806: "ྃཛʽ"
  0x08, 0xe0, 0xbe, 0x83, 0xe0, 0xbd, 0x9b, 0xca, 0xbd, 0x00,
  // 9816: "ྃཌʽ"
  0x08, 0xe0, 0xbe, 0x83, 0xe0, 0xbd, 0x8c, 0xca, 0xbd, 0x00,
  // 9826: "ྃདʽ"
  0x08, 0xe0, 0xbe, 0x83, 0xe0, 0xbd, 0x91, 0xca, 0xbd, 0x00,
  // 9836: "ྃབʽ"
  0x08, 0xe0, 0xbe, 0x83, 0xe0, 0xbd, 0x96, 0xca, 0xbd, 0x00,
  // 9846: "ྃ"
  0x03, 0xe0, 0xbe, 0x83, 0x00,
  // 9851: "ཾ"
  0x03, 0xe0, 0xbd, 0xbe, 0x00,
  // 9856: "ཿ"
  0x03, 0xe0, 0xbd, 0xbf, 0x00,
  // 9861: "ཿʽ"
  0x05, 0xe0, 0xbd, 0xbf, 0xca, 0xbd, 0x00,
  // 9868: "༠"
  0x03, 0xe0, 0xbc, 0xa0, 0x00,
  // 9873: "༡"
  0x03, 0xe0, 0xbc, 0xa1, 0x00,
  // 9878: "༢"
  0x03, 0xe0, 0xbc, 0xa2, 0x00,
  // 9883: "༣"
  0x03, 0xe0, 0xbc, 0xa3, 0x00,
  // 9888: "༤"
  0x03, 0xe0, 0xbc, 0xa4, 0x00,
  // 9893: "༥"
  0x03, 0xe0, 0xbc, 0xa5, 0x00,
  // 9898: "༦"
  0x03, 0xe0, 0xbc, 0xa6, 0x00,
  // 9903: "༧"
  0x03, 0xe0, 0xbc, 0xa7, 0x00,
  // 9908: "༨"
  0x03, 0xe0, 0xbc, 0xa8, 0x00,
  // 9913: "༩"
  0x03, 0xe0, 0xbc, 0xa9, 0x00,
  // 9918: "ༀ"
  0x03, 0xe0, 0xbc, 0x80, 0x00,
  // 9923: "།"
  0x03, 0xe0, 0xbc, 0x8d, 0x00,
  // 9928: "༎"
  0x03, 0xe0, 0xbc, 0x8e, 0x00,
  // 9933: "྅"
  0x03, 0xe0, 0xbe, 0x85, 0x00,
  // 9938: "tibetan"
  0x07, 0x74, 0x69, 0x62, 0x65, 0x74, 0x61, 0x6e, 0x00,
  // 9947: "cʰ"
  0x03, 0x63, 0xca, 0xb0, 0x00,
  // 9952: "jʰ"
  0x03, 0x6a, 0xca, 0xb0, 0x00,
  // 9957: "ṭʰ"
  0x05, 0xe1, 0xb9, 0xad, 0xca, 0xb0, 0x00,
  // 9964: "ḍʰ"
  0x05, 0xe1, 0xb8, 0x8d, 0xca, 0xb0, 0x00,
  // 9971: "tʰ"
  0x03, 0x74, 0xca, 0xb0, 0x00,
  // 9976: "dʰ"
  0x03, 0x64, 0xca, 0xb0, 0x00,
  // 9981: "k͟ʰ"
  0x05, 0x6b, 0xcd, 0x9f, 0xca, 0xb0, 0x00,
  // 9988: "ṛʰ"
  0x05, 0xe1, 0xb9, 0x9b, 0xca, 0xb0, 0x00,
  // 9995: "titus"
  0x05, 0x74, 0x69, 0x74, 0x75, 0x73, 0x00,
  // 10002: "ii"
  0x02, 0x69, 0x69, 0x00,
  // 10006: ".r"
  0x02, 0x2e, 0x72, 0x00,
  // 10010: ".rr"
  0x03, 0x2e, 0x72, 0x72, 0x00,
  // 10015: ".l"
  0x02, 0x2e, 0x6c, 0x00,
  // 10019: ".ll"
  0x03, 0x2e, 0x6c, 0x6c, 0x00,
  // 10024: ".O"
  0x02, 0x2e, 0x4f, 0x00,
  // 10028: "\"n"
  0x02, 0x22, 0x6e, 0x00,
  // 10032: ".t"
  0x02, 0x2e, 0x74, 0x00,
  // 10036: ".th"
  0x03, 0x2e, 0x74, 0x68, 0x00,
  // 10041: ".d"
  0x02, 0x2e, 0x64, 0x00,
  // 10045: ".dh"
  0x03, 0x2e, 0x64, 0x68, 0x00,
  // 10050: ".n"
  0x02, 0x2e, 0x6e, 0x00,
  // 10054: "\"s"
  0x02, 0x22, 0x73, 0x00,
  // 10058: ".s"
  0x02, 0x2e, 0x73, 0x00,
  // 10062: "_l"
  0x02, 0x5f, 0x6c, 0x00,
  // 10066: "_r"
  0x02, 0x5f, 0x72, 0x00,
  // 10070: "_n"
  0x02, 0x5f, 0x6e, 0x00,
  // 10074: "_kh"
  0x03, 0x5f, 0x6b, 0x68, 0x00,
  // 10079: ".g"
  0x02, 0x2e, 0x67, 0x00,
  // 10083: "..r"
  0x03, 0x2e, 0x2e, 0x72, 0x00,
  // 10088: "..rh"
  0x04, 0x2e, 0x2e, 0x72, 0x68, 0x00,
  // 10094: ".y"
  0x02, 0x2e, 0x79, 0x00,
  // 10098: "n*.d"
  0x04, 0x6e, 0x2a, 0x2e, 0x64, 0x00,
  // 10104: "~m"
  0x02, 0x7e, 0x6d, 0x00,
  // 10108: ".m"
  0x02, 0x2e, 0x6d, 0x00,
  // 10112: ".h"
  0x02, 0x2e, 0x68, 0x00,
  // 10116: "_k"
  0x02, 0x5f, 0x6b, 0x00,
  // 10120: "velthuis"
  0x08, 0x76, 0x65, 0x6c, 0x74, 0x68, 0x75, 0x69, 0x73, 0x00,
  // 10130: "qV"
  0x02, 0x71, 0x56, 0x00,
  // 10134: "LV"
  0x02, 0x4c, 0x56, 0x00,
  // 10138: "eV"
  0x02, 0x65, 0x56, 0x00,
  // 10142: "oV"
  0x02, 0x6f, 0x56, 0x00,
  // 10146: "aEV"
  0x03, 0x61, 0x45, 0x56, 0x00,
  // 10151: "AEV"
  0x03, 0x41, 0x45, 0x56, 0x00,
  // 10156: "aOV"
  0x03, 0x61, 0x4f, 0x56, 0x00,
  // 10161: "lY"
  0x02, 0x6c, 0x59, 0x00,
  // 10165: "lYY"
  0x03, 0x6c, 0x59, 0x59, 0x00,
  // 10170: "rY"
  0x02, 0x72, 0x59, 0x00,
  // 10174: "nY"
  0x02, 0x6e, 0x59, 0x00,
  // 10178: "kY"
  0x02, 0x6b, 0x59, 0x00,
  // 10182: "KY"
  0x02, 0x4b, 0x59, 0x00,
  // 10186: "GY"
  0x02, 0x47, 0x59, 0x00,
  // 10190: "zY"
  0x02, 0x7a, 0x59, 0x00,
  // 10194: "dY"
  0x02, 0x64, 0x59, 0x00,
  // 10198: "DY"
  0x02, 0x44, 0x59, 0x00,
  // 10202: "PY"
  0x02, 0x50, 0x59, 0x00,
  // 10206: "yY"
  0x02, 0x79, 0x59, 0x00,
  // 10210: "nYYg"
  0x04, 0x6e, 0x59, 0x59, 0x67, 0x00,
  // 10216: "nYYj"
  0x04, 0x6e, 0x59, 0x59, 0x6a, 0x00,
  // 10222: "nYYd"
  0x04, 0x6e, 0x59, 0x59, 0x64, 0x00,
  // 10228: "nYYx"
  0x04, 0x6e, 0x59, 0x59, 0x78, 0x00,
  // 10234: "mYYb"
  0x04, 0x6d, 0x59, 0x59, 0x62, 0x00,
  // 10240: "kYY"
  0x03, 0x6b, 0x59, 0x59, 0x00,
  // 10245: "wx"
  0x02, 0x77, 0x78, 0x00,
  // 10249: "bangla"
  0x06, 0x62, 0x61, 0x6e, 0x67, 0x6c, 0x61, 0x00,
  // 10257: "hindi"
  0x05, 0x68, 0x69, 0x6e, 0x64, 0x69, 0x00,
  // 10264: "sanskrit"
  0x08, 0x73, 0x61, 0x6e, 0x73, 0x6b, 0x72, 0x69, 0x74, 0x00,
  // 10274: "punjabi"
  0x07, 0x70, 0x75, 0x6e, 0x6a, 0x61, 0x62, 0x69, 0x00,
  // 10283: "odia"
  0x04, 0x6f, 0x64, 0x69, 0x61, 0x00,
  // 10289: "{}"
  0x02, 0x7b, 0x7d, 0x00,
  // 10293: "^^"
  0x02, 0x5e, 0x5e, 0x00,
  // 10297: "()"
  0x02, 0x28, 0x29, 0x00,
  // 10301: "^"
  0x01, 0x5e, 0x00,
  // 10304: "ॲ"
  0x03, 0xe0, 0xa5, 0xb2, 0x00,
  // 10309: "अॅ"
  0x06, 0xe0, 0xa4, 0x85, 0xe0, 0xa5, 0x85, 0x00,
  // 10317: "ᳵ"
  0x03, 0xe1, 0xb3, 0xb5, 0x00,
  // 10322: "ᳶ"
  0x03, 0xe1, 0xb3, 0xb6, 0x00,
  // 10327: "᳭"
  0x03, 0xe1, 0xb3, 0xad, 0x00,
  // 10332: "्‍"
  0x06, 0xe0, 0xa5, 0x8d, 0xe2, 0x80, 0x8d, 0x00,
  // 10340: "‍्"
  0x06, 0xe2, 0x80, 0x8d, 0xe0, 0xa5, 0x8d, 0x00,
  // 10348: "ओ३म्"
  0x0c, 0xe0, 0xa4, 0x93, 0xe0, 0xa5, 0xa9, 0xe0, 0xa4, 0xae, 0xe0, 0xa5, 0x8d, 0x00,
  // 10362: "क़"
  0x06, 0xe0, 0xa4, 0x95, 0xe0, 0xa4, 0xbc, 0x00,
  // 10370: "ख़"
  0x06, 0xe0, 0xa4, 0x96, 0xe0, 0xa4, 0xbc, 0x00,
  // 10378: "ग़"
  0x06, 0xe0, 0xa4, 0x97, 0xe0, 0xa4, 0xbc, 0x00,
  // 10386: "ज़"
  0x06, 0xe0, 0xa4, 0x9c, 0xe0, 0xa4, 0xbc, 0x00,
  // 10394: "ड़"
  0x06, 0xe0, 0xa4, 0xa1, 0xe0, 0xa4, 0xbc, 0x00,
  // 10402: "ढ़"
  0x06, 0xe0, 0xa4, 0xa2, 0xe0, 0xa4, 0xbc, 0x00,
  // 10410: "फ़"
  0x06, 0xe0, 0xa4, 0xab, 0xe0, 0xa4, 0xbc, 0x00,
  // 10418: "य़"
  0x06, 0xe0, 0xa4, 0xaf, 0xe0, 0xa4, 0xbc, 0x00,
  // 10426: "ੰ"
  0x03, 0xe0, 0xa9, 0xb0, 0x00,
  // 10431: "AI"
  0x02, 0x41, 0x49, 0x00,
  // 10435: "AU"
  0x02, 0x41, 0x55, 0x00,
  // 10439: "BH"
  0x02, 0x42, 0x48, 0x00,
  // 10443: "GH"
  0x02, 0x47, 0x48, 0x00,
  // 10447: "Gͫ"
  0x03, 0x47, 0xcd, 0xab, 0x00,
  // 10452: "Gͫ̄"
  0x05, 0x47, 0xcd, 0xab, 0xcc, 0x84, 0x00,
  // 10459: "JH"
  0x02, 0x4a, 0x48, 0x00,
  // 10463: "KH"
  0x02, 0x4b, 0x48, 0x00,
  // 10467: "K͟H"
  0x04, 0x4b, 0xcd, 0x9f, 0x48, 0x00,
  // 10473: "L̤"
  0x03, 0x4c, 0xcc, 0xa4, 0x00,
  // 10478: "M̆B"
  0x04, 0x4d, 0xcc, 0x86, 0x42, 0x00,
  // 10484: "M̐"
  0x03, 0x4d, 0xcc, 0x90, 0x00,
  // 10489: "N̆D"
  0x04, 0x4e, 0xcc, 0x86, 0x44, 0x00,
  // 10495: "N̆G"
  0x04, 0x4e, 0xcc, 0x86, 0x47, 0x00,
  // 10501: "N̆J"
  0x04, 0x4e, 0xcc, 0x86, 0x4a, 0x00,
  // 10507: "N̆Ḍ"
  0x06, 0x4e, 0xcc, 0x86, 0xe1, 0xb8, 0x8c, 0x00,
  // 10515: "n̆ḍ"
  0x06, 0x6e, 0xcc, 0x86, 0x64, 0xcc, 0xa3, 0x00,
  // 10523: "N̆Ḍ"
  0x06, 0x4e, 0xcc, 0x86, 0x44, 0xcc, 0xa3, 0x00,
  // 10531: "OṂ"
  0x04, 0x4f, 0xe1, 0xb9, 0x82, 0x00,
  // 10537: "oṃ"
  0x04, 0x6f, 0x6d, 0xcc, 0xa3, 0x00,
  // 10543: "OṂ"
  0x04, 0x4f, 0x4d, 0xcc, 0xa3, 0x00,
  // 10549: "PH"
  0x02, 0x50, 0x48, 0x00,
  // 10553: "R̤"
  0x03, 0x52, 0xcc, 0xa4, 0x00,
  // 10558: "R̤H"
  0x04, 0x52, 0xcc, 0xa4, 0x48, 0x00,
  // 10564: "V"
  0x01, 0x56, 0x00,
  // 10567: "Æ"
  0x02, 0xc3, 0x86, 0x00,
  // 10571: "Ñ"
  0x02, 0xc3, 0x91, 0x00,
  // 10575: "ñ"
  0x03, 0x6e, 0xcc, 0x83, 0x00,
  // 10580: "Ñ"
  0x03, 0x4e, 0xcc, 0x83, 0x00,
  // 10585: "Ô"
  0x02, 0xc3, 0x94, 0x00,
  // 10589: "ô"
  0x03, 0x6f, 0xcc, 0x82, 0x00,
  // 10594: "Ô"
  0x03, 0x4f, 0xcc, 0x82, 0x00,
  // 10599: "Ā"
  0x02, 0xc4, 0x80, 0x00,
  // 10603: "ā"
  0x03, 0x61, 0xcc, 0x84, 0x00,
  // 10608: "Ā"
  0x03, 0x41, 0xcc, 0x84, 0x00,
  // 10613: "Ĕ"
  0x02, 0xc4, 0x94, 0x00,
  // 10617: "ĕ"
  0x03, 0x65, 0xcc, 0x86, 0x00,
  // 10622: "Ĕ"
  0x03, 0x45, 0xcc, 0x86, 0x00,
  // 10627: "Ġ"
  0x02, 0xc4, 0xa0, 0x00,
  // 10631: "ġ"
  0x03, 0x67, 0xcc, 0x87, 0x00,
  // 10636: "Ġ"
  0x03, 0x47, 0xcc, 0x87, 0x00,
  // 10641: "Ī"
  0x02, 0xc4, 0xaa, 0x00,
  // 10645: "ī"
  0x03, 0x69, 0xcc, 0x84, 0x00,
  // 10650: "Ī"
  0x03, 0x49, 0xcc, 0x84, 0x00,
  // 10655: "Ŏ"
  0x02, 0xc5, 0x8e, 0x00,
  // 10659: "ŏ"
  0x03, 0x6f, 0xcc, 0x86, 0x00,
  // 10664: "Ŏ"
  0x03, 0x4f, 0xcc, 0x86, 0x00,
  // 10669: "Ś"
  0x02, 0xc5, 0x9a, 0x00,
  // 10673: "ś"
  0x03, 0x73, 0xcc, 0x81, 0x00,
  // 10678: "Ś"
  0x03, 0x53, 0xcc, 0x81, 0x00,
  // 10683: "Ū"
  0x02, 0xc5, 0xaa, 0x00,
  // 10687: "ū"
  0x03, 0x75, 0xcc, 0x84, 0x00,
  // 10692: "Ū"
  0x03, 0x55, 0xcc, 0x84, 0x00,
  // 10697: "Ǣ"
  0x02, 0xc7, 0xa2, 0x00,
  // 10701: "Ḍ"
  0x03, 0xe1, 0xb8, 0x8c, 0x00,
  // 10706: "ḍ"
  0x03, 0x64, 0xcc, 0xa3, 0x00,
  // 10711: "Ḍ"
  0x03, 0x44, 0xcc, 0xa3, 0x00,
  // 10716: "ḌH"
  0x04, 0xe1, 0xb8, 0x8c, 0x48, 0x00,
  // 10722: "ḍh"
  0x04, 0x64, 0xcc, 0xa3, 0x68, 0x00,
  // 10728: "ḌH"
  0x04, 0x44, 0xcc, 0xa3, 0x48, 0x00,
  // 10734: "Ḥ"
  0x03, 0xe1, 0xb8, 0xa4, 0x00,
  // 10739: "ḥ"
  0x03, 0x68, 0xcc, 0xa3, 0x00,
  // 10744: "Ḥ"
  0x03, 0x48, 0xcc, 0xa3, 0x00,
  // 10749: "Ḵ"
  0x03, 0xe1, 0xb8, 0xb4, 0x00,
  // 10754: "Ḷ"
  0x03, 0xe1, 0xb8, 0xb6, 0x00,
  // 10759: "ḷ"
  0x03, 0x6c, 0xcc, 0xa3, 0x00,
  // 10764: "Ḷ"
  0x03, 0x4c, 0xcc, 0xa3, 0x00,
  // 10769: "Ḹ"
  0x03, 0xe1, 0xb8, 0xb8, 0x00,
  // 10774: "ḹ"
  0x05, 0x6c, 0xcc, 0xa3, 0xcc, 0x84, 0x00,
  // 10781: "Ḹ"
  0x05, 0x4c, 0xcc, 0xa3, 0xcc, 0x84, 0x00,
  // 10788: "Ḻ"
  0x03, 0xe1, 0xb8, 0xba, 0x00,
  // 10793: "Ṃ"
  0x03, 0xe1, 0xb9, 0x82, 0x00,
  // 10798: "ṃ"
  0x03, 0x6d, 0xcc, 0xa3, 0x00,
  // 10803: "Ṃ"
  0x03, 0x4d, 0xcc, 0xa3, 0x00,
  // 10808: "Ṅ"
  0x03, 0xe1, 0xb9, 0x84, 0x00,
  // 10813: "ṅ"
  0x03, 0x6e, 0xcc, 0x87, 0x00,
  // 10818: "Ṅ"
  0x03, 0x4e, 0xcc, 0x87, 0x00,
  // 10823: "Ṇ"
  0x03, 0xe1, 0xb9, 0x86, 0x00,
  // 10828: "ṇ"
  0x03, 0x6e, 0xcc, 0xa3, 0x00,
  // 10833: "Ṇ"
  0x03, 0x4e, 0xcc, 0xa3, 0x00,
  // 10838: "Ṉ"
  0x03, 0xe1, 0xb9, 0x88, 0x00,
  // 10843: "Ṛ"
  0x03, 0xe1, 0xb9, 0x9a, 0x00,
  // 10848: "ṛ"
  0x03, 0x72, 0xcc, 0xa3, 0x00,
  // 10853: "Ṛ"
  0x03, 0x52, 0xcc, 0xa3, 0x00,
  // 10858: "Ṝ"
  0x03, 0xe1, 0xb9, 0x9c, 0x00,
  // 10863: "ṝ"
  0x05, 0x72, 0xcc, 0xa3, 0xcc, 0x84, 0x00,
  // 10870: "Ṝ"
  0x05, 0x52, 0xcc, 0xa3, 0xcc, 0x84, 0x00,
  // 10877: "Ṟ"
  0x03, 0xe1, 0xb9, 0x9e, 0x00,
  // 10882: "Ṣ"
  0x03, 0xe1, 0xb9, 0xa2, 0x00,
  // 10887: "ṣ"
  0x03, 0x73, 0xcc, 0xa3, 0x00,
  // 10892: "Ṣ"
  0x03, 0x53, 0xcc, 0xa3, 0x00,
  // 10897: "Ṭ"
  0x03, 0xe1, 0xb9, 0xac, 0x00,
  // 10902: "ṭ"
  0x03, 0x74, 0xcc, 0xa3, 0x00,
  // 10907: "Ṭ"
  0x03, 0x54, 0xcc, 0xa3, 0x00,
  // 10912: "ṬH"
  0x04, 0xe1, 0xb9, 0xac, 0x48, 0x00,
  // 10918: "ṭh"
  0x04, 0x74, 0xcc, 0xa3, 0x68, 0x00,
  // 10924: "ṬH"
  0x04, 0x54, 0xcc, 0xa3, 0x48, 0x00,
  // 10930: "Ẏ"
  0x03, 0xe1, 0xba, 0x8e, 0x00,
  // 10935: "ẏ"
  0x03, 0x79, 0xcc, 0x87, 0x00,
  // 10940: "Ẏ"
  0x03, 0x59, 0xcc, 0x87, 0x00,
  // 10945: "Bʰ"
  0x03, 0x42, 0xca, 0xb0, 0x00,
  // 10950: "D̪"
  0x03, 0x44, 0xcc, 0xaa, 0x00,
  // 10955: "D̪ʰ"
  0x05, 0x44, 0xcc, 0xaa, 0xca, 0xb0, 0x00,
  // 10962: "D͡Ʒ"
  0x05, 0x44, 0xcd, 0xa1, 0xc6, 0xb7, 0x00,
  // 10969: "D͡Ʒʰ"
  0x07, 0x44, 0xcd, 0xa1, 0xc6, 0xb7, 0xca, 0xb0, 0x00,
  // 10978: "Eː"
  0x03, 0x45, 0xcb, 0x90, 0x00,
  // 10983: "Gʰ"
  0x03, 0x47, 0xca, 0xb0, 0x00,
  // 10988: "Iː"
  0x03, 0x49, 0xcb, 0x90, 0x00,
  // 10993: "Kʰ"
  0x03, 0x4b, 0xca, 0xb0, 0x00,
  // 10998: "LƗ"
  0x03, 0x4c, 0xc6, 0x97, 0x00,
  // 11003: "LƗː"
  0x05, 0x4c, 0xc6, 0x97, 0xcb, 0x90, 0x00,
  // 11010: "N̪"
  0x03, 0x4e, 0xcc, 0xaa, 0x00,
  // 11015: "Oː"
  0x03, 0x4f, 0xcb, 0x90, 0x00,
  // 11020: "OːM"
  0x04, 0x4f, 0xcb, 0x90, 0x4d, 0x00,
  // 11026: "Pʰ"
  0x03, 0x50, 0xca, 0xb0, 0x00,
  // 11031: "S̪"
  0x03, 0x53, 0xcc, 0xaa, 0x00,
  // 11036: "T̪"
  0x03, 0x54, 0xcc, 0xaa, 0x00,
  // 11041: "T̪ʰ"
  0x05, 0x54, 0xcc, 0xaa, 0xca, 0xb0, 0x00,
  // 11048: "T͡Ʃ"
  0x05, 0x54, 0xcd, 0xa1, 0xc6, 0xa9, 0x00,
  // 11055: "T͡Ʃʰ"
  0x07, 0x54, 0xcd, 0xa1, 0xc6, 0xa9, 0xca, 0xb0, 0x00,
  // 11064: "Uː"
  0x03, 0x55, 0xcb, 0x90, 0x00,
  // 11069: "Xʽ"
  0x03, 0x58, 0xca, 0xbd, 0x00,
  // 11074: "Æː"
  0x04, 0xc3, 0x86, 0xcb, 0x90, 0x00,
  // 11080: "Ŋ"
  0x02, 0xc5, 0x8a, 0x00,
  // 11084: "aː"
  0x03, 0x61, 0xcb, 0x90, 0x00,
  // 11089: "Ɑː"
  0x05, 0xe2, 0xb1, 0xad, 0xcb, 0x90, 0x00,
  // 11096: "Ɔ"
  0x02, 0xc6, 0x86, 0x00,
  // 11100: "Ɖ"
  0x02, 0xc6, 0x89, 0x00,
  // 11104: "Ɖʰ"
  0x04, 0xc6, 0x89, 0xca, 0xb0, 0x00,
  // 11110: "Ə"
  0x02, 0xc6, 0x8f, 0x00,
  // 11114: "ƏU"
  0x03, 0xc6, 0x8f, 0x55, 0x00,
  // 11119: "Əɪ"
  0x04, 0xc6, 0x8f, 0xc9, 0xaa, 0x00,
  // 11125: "Ə̸"
  0x04, 0xc6, 0x8f, 0xcc, 0xb8, 0x00,
  // 11131: "Ɣ"
  0x02, 0xc6, 0x94, 0x00,
  // 11135: "Ɲ"
  0x02, 0xc6, 0x9d, 0x00,
  // 11139: "Ɽ"
  0x03, 0xe2, 0xb1, 0xa4, 0x00,
  // 11144: "Ɽʰ"
  0x05, 0xe2, 0xb1, 0xa4, 0xca, 0xb0, 0x00,
  // 11151: "ɾƗ"
  0x04, 0xc9, 0xbe, 0xc6, 0x97, 0x00,
  // 11157: "ɾƗː"
  0x06, 0xc9, 0xbe, 0xc6, 0x97, 0xcb, 0x90, 0x00,
  // 11165: "Ʃ"
  0x02, 0xc6, 0xa9, 0x00,
  // 11169: "Ʈ"
  0x02, 0xc6, 0xae, 0x00,
  // 11173: "Ʈʰ"
  0x04, 0xc6, 0xae, 0xca, 0xb0, 0x00,
  // 11179: "Ʋ"
  0x02, 0xc6, 0xb2, 0x00,
  // 11183: "ᵐB"
  0x04, 0xe1, 0xb5, 0x90, 0x42, 0x00,
  // 11189: "ᶮD͡Ʒ"
  0x08, 0xe1, 0xb6, 0xae, 0x44, 0xcd, 0xa1, 0xc6, 0xb7, 0x00,
  // 11199: "ᶯƉ"
  0x05, 0xe1, 0xb6, 0xaf, 0xc6, 0x89, 0x00,
  // 11206: "ⁿD"
  0x04, 0xe2, 0x81, 0xbf, 0x44, 0x00,
  // 11212: "L̥"
  0x03, 0x4c, 0xcc, 0xa5, 0x00,
  // 11217: "L̥̄"
  0x05, 0x4c, 0xcc, 0xa5, 0xcc, 0x84, 0x00,
  // 11224: "R̥"
  0x03, 0x52, 0xcc, 0xa5, 0x00,
  // 11229: "R̥̄"
  0x05, 0x52, 0xcc, 0xa5, 0xcc, 0x84, 0x00,
  // 11236: "Ē"
  0x02, 0xc4, 0x92, 0x00,
  // 11240: "ē"
  0x03, 0x65, 0xcc, 0x84, 0x00,
  // 11245: "Ē"
  0x03, 0x45, 0xcc, 0x84, 0x00,
  // 11250: "Ō"
  0x02, 0xc5, 0x8c, 0x00,
  // 11254: "ō"
  0x03, 0x6f, 0xcc, 0x84, 0x00,
  // 11259: "Ō"
  0x03, 0x4f, 0xcc, 0x84, 0x00,
  // 11264: "ŌṀ"
  0x05, 0xc5, 0x8c, 0xe1, 0xb9, 0x80, 0x00,
  // 11271: "ōṁ"
  0x06, 0x6f, 0xcc, 0x84, 0x6d, 0xcc, 0x87, 0x00,
  // 11279: "ŌṀ"
  0x06, 0x4f, 0xcc, 0x84, 0x4d, 0xcc, 0x87, 0x00,
  // 11287: "Ṁ"
  0x03, 0xe1, 0xb9, 0x80, 0x00,
  // 11292: "ṁ"
  0x03, 0x6d, 0xcc, 0x87, 0x00,
  // 11297: "Ṁ"
  0x03, 0x4d, 0xcc, 0x87, 0x00,
  // 11302: "ṚH"
  0x04, 0xe1, 0xb9, 0x9a, 0x48, 0x00,
  // 11308: "ṛh"
  0x04, 0x72, 0xcc, 0xa3, 0x68, 0x00,
  // 11314: "ṚH"
  0x04, 0x52, 0xcc, 0xa3, 0x48, 0x00,
  // 11320: "c.o"
  0x03, 0x63, 0x2e, 0x6f, 0x00,
  // 11325: "ld"
  0x02, 0x6c, 0x64, 0x00,
  // 11329: "LLI"
  0x03, 0x4c, 0x4c, 0x49, 0x00,
  // 11334: "LLi"
  0x03, 0x4c, 0x4c, 0x69, 0x00,
  // 11339: "aum"
  0x03, 0x61, 0x75, 0x6d, 0x00,
  // 11344: "AUM"
  0x03, 0x41, 0x55, 0x4d, 0x00,
  // 11349: "RRI"
  0x03, 0x52, 0x52, 0x49, 0x00,
  // 11354: "RRi"
  0x03, 0x52, 0x52, 0x69, 0x00,
  // 11359: "Ch"
  0x02, 0x43, 0x68, 0x00,
  // 11363: "c.e"
  0x03, 0x63, 0x2e, 0x65, 0x00,
  // 11368: "dny"
  0x03, 0x64, 0x6e, 0x79, 0x00,
  // 11373: "SRI"
  0x03, 0x53, 0x52, 0x49, 0x00,
  // 11378: "+"
  0x01, 0x2b, 0x00,
  // 11381: "_"
  0x01, 0x5f, 0x00,
  // 11384: "ೱ"
  0x03, 0xe0, 0xb3, 0xb1, 0x00,
  // 11389: "ೲ"
  0x03, 0xe0, 0xb3, 0xb2, 0x00,
  // 11394: "್‍"
  0x06, 0xe0, 0xb3, 0x8d, 0xe2, 0x80, 0x8d, 0x00,
  // 11402: "‍್"
  0x06, 0xe2, 0x80, 0x8d, 0xe0, 0xb3, 0x8d, 0x00,
  // 11410: "ൿ"
  0x03, 0xe0, 0xb5, 0xbf, 0x00,
  // 11415: "ൺ"
  0x03, 0xe0, 0xb5, 0xba, 0x00,
  // 11420: "ൻ"
  0x03, 0xe0, 0xb5, 0xbb, 0x00,
  // 11425: "ൔ"
  0x03, 0xe0, 0xb5, 0x94, 0x00,
  // 11430: "ൕ"
  0x03, 0xe0, 0xb5, 0x95, 0x00,
  // 11435: "ർ"
  0x03, 0xe0, 0xb5, 0xbc, 0x00,
  // 11440: "ൽ"
  0x03, 0xe0, 0xb5, 0xbd, 0x00,
  // 11445: "ൾ"
  0x03, 0xe0, 0xb5, 0xbe, 0x00,
  // 11450: "ൖ"
  0x03, 0xe0, 0xb5, 0x96, 0x00,
  // 11455: "്‍"
  0x06, 0xe0, 0xb5, 0x8d, 0xe2, 0x80, 0x8d, 0x00,
  // 11463: "‍്"
  0x06, 0xe2, 0x80, 0x8d, 0xe0, 0xb5, 0x8d, 0x00,
  // 11471: "ଵ"
  0x03, 0xe0, 0xac, 0xb5, 0x00,
  // 11476: "ବ଼"
  0x06, 0xe0, 0xac, 0xac, 0xe0, 0xac, 0xbc, 0x00,
  // 11484: "්‍"
  0x06, 0xe0, 0xb7, 0x8a, 0xe2, 0x80, 0x8d, 0x00,
  // 11492: "‍්"
  0x06, 0xe2, 0x80, 0x8d, 0xe0, 0xb7, 0x8a, 0x00,
  // 11500: "ொ"
  0x06, 0xe0, 0xaf, 0x86, 0xe0, 0xae, 0xbe, 0x00,
  // 11508: "ோ"
  0x06, 0xe0, 0xaf, 0x87, 0xe0, 0xae, 0xbe, 0x00,
  // 11516: "ௌ"
  0x06, 0xe0, 0xaf, 0x86, 0xe0, 0xaf, 0x97, 0x00,
  // 11524: "்‍"
  0x06, 0xe0, 0xaf, 0x8d, 0xe2, 0x80, 0x8d, 0x00,
  // 11532: "‍்"
  0x06, 0xe2, 0x80, 0x8d, 0xe0, 0xaf, 0x8d, 0x00,
  // 11540: "్‍"
  0x06, 0xe0, 0xb1, 0x8d, 0xe2, 0x80, 0x8d, 0x00,
  // 11548: "‍్"
  0x06, 0xe2, 0x80, 0x8d, 0xe0, 0xb1, 0x8d, 0x00,
  // 11556: "ḍʰ"
  0x05, 0x64, 0xcc, 0xa3, 0xca, 0xb0, 0x00,
  // 11563: "ṛʰ"
  0x05, 0x72, 0xcc, 0xa3, 0xca, 0xb0, 0x00,
  // 11570: "ṭʰ"
  0x05, 0x74, 0xcc, 0xa3, 0xca, 0xb0, 0x00,
  // 11577: ".L"
  0x02, 0x2e, 0x4c, 0x00,
  // 11581: ".R"
  0x02, 0x2e, 0x52, 0x00,
  // 11585: ".T"
  0x02, 0x2e, 0x54, 0x00,
  // 11589: "o.m"
  0x03, 0x6f, 0x2e, 0x6d, 0x00,
  // 11594: "/"
  0x01, 0x2f, 0x00,
  // 11597: "x:0"
  0x03, 0x78, 0x3a, 0x30, 0x00,
  // 11602: "x:1"
  0x03, 0x78, 0x3a, 0x31, 0x00,
  // 11607: "j~n"
  0x03, 0x6a, 0x7e, 0x6e, 0x00,
  // 11612: "kSh"
  0x03, 0x6b, 0x53, 0x68, 0x00,
  // 11617: "shree"
  0x05, 0x73, 0x68, 0x72, 0x65, 0x65, 0x00,
  // 11624: "x:2"
  0x03, 0x78, 0x3a, 0x32, 0x00,
  // 11629: "ക്"
  0x06, 0xe0, 0xb4, 0x95, 0xe0, 0xb5, 0x8d, 0x00,
  // 11637: "ണ്"
  0x06, 0xe0, 0xb4, 0xa3, 0xe0, 0xb5, 0x8d, 0x00,
  // 11645: "ന്"
  0x06, 0xe0, 0xb4, 0xa8, 0xe0, 0xb5, 0x8d, 0x00,
  // 11653: "മ്"
  0x06, 0xe0, 0xb4, 0xae, 0xe0, 0xb5, 0x8d, 0x00,
  // 11661: "യ്"
  0x06, 0xe0, 0xb4, 0xaf, 0xe0, 0xb5, 0x8d, 0x00,
  // 11669: "ര്"
  0x06, 0xe0, 0xb4, 0xb0, 0xe0, 0xb5, 0x8d, 0x00,
  // 11677: "ല്"
  0x06, 0xe0, 0xb4, 0xb2, 0xe0, 0xb5, 0x8d, 0x00,
  // 11685: "ള്"
  0x06, 0xe0, 0xb4, 0xb3, 0xe0, 0xb5, 0x8d, 0x00,
  // 11693: "ഴ്"
  0x06, 0xe0, 0xb4, 0xb4, 0xe0, 0xb5, 0x8d, 0x00,
  // 11701: "ൌ"
  0x03, 0xe0, 0xb5, 0x8c, 0x00,
};

inline constexpr std::array<ScriptStringRef, 5> scriptAliases = {
  10249, 10257, 10264, 10274, 10283, // "bangla", "hindi", "sanskrit", "punjabi", "odia"
};

inline constexpr std::array<ScriptStringRef, 484> scriptEquivalentValues = {
  619, 632, 624, 342, 332, 383, 10289, 10293, 10297, 10301, // "র", "র়", "ভ়", "ৱ", "ৰ", "ৰ়", "{}", "^^", "()", "^"
  10304, 10309, 10317, 10322, 10327, 10332, 10340, 10348, 10362, 10370, // "ॲ", "अॅ", "ᳵ", "ᳶ", "᳭", "्‍", "‍्", "ओ३म्", "क़", "ख़"
  10378, 10386, 10394, 10402, 10410, 10418, 10426, 10297, 10301, 10289, // "ग़", "ज़", "ड़", "ढ़", "फ़", "य़", "ੰ", "()", "^", "{}"
  10293, 3071, 10431, 10435, 7167, 10439, 7152, 6498, 3177, 6506, // "^^", "A", "AI", "AU", "B", "BH", "C", "CH", "D", "DH"
  3102, 7126, 3150, 10443, 10447, 10452, 3320, 3077, 3167, 10459, // "E", "F", "G", "GH", "Gͫ", "Gͫ̄", "H", "I", "J", "JH"
  3323, 10463, 10467, 3245, 10473, 3317, 10478, 10484, 3184, 10489, // "K", "KH", "K͟H", "L", "L̤", "M", "M̆B", "M̐", "N", "N̆D"
  10495, 10501, 10507, 10515, 10523, 3112, 10531, 10537, 10543, 7164, // "N̆G", "N̆J", "N̆Ḍ", "n̆ḍ", "N̆Ḍ", "O", "OṂ", "oṃ", "OṂ", "P"
  10549, 7161, 3086, 10553, 10558, 3236, 3170, 6502, 3083, 10564, // "PH", "Q", "R", "R̤", "R̤H", "S", "T", "TH", "U", "V"
  10297, 10301, 10289, 10293, 3286, 3248, 10567, 10571, 10575, 10580, // "()", "^", "{}", "^^", "Y", "Z", "Æ", "Ñ", "ñ", "Ñ"
  10585, 10589, 10594, 10599, 10603, 10608, 10613, 10617, 10622, 10627, // "Ô", "ô", "Ô", "Ā", "ā", "Ā", "Ĕ", "ĕ", "Ĕ", "Ġ"
  10631, 10636, 10641, 10645, 10650, 10655, 10659, 10664, 10669, 10673, // "ġ", "Ġ", "Ī", "ī", "Ī", "Ŏ", "ŏ", "Ŏ", "Ś", "ś"
  10678, 10683, 10687, 10692, 10697, 10701, 10706, 10711, 10716, 10722, // "Ś", "Ū", "ū", "Ū", "Ǣ", "Ḍ", "ḍ", "Ḍ", "ḌH", "ḍh"
  10728, 10734, 10739, 10744, 10749, 10754, 10759, 10764, 10769, 10774, // "ḌH", "Ḥ", "ḥ", "Ḥ", "Ḵ", "Ḷ", "ḷ", "Ḷ", "Ḹ", "ḹ"
  10781, 10788, 10793, 10798, 10803, 10808, 10813, 10818, 10823, 10828, // "Ḹ", "Ḻ", "Ṃ", "ṃ", "Ṃ", "Ṅ", "ṅ", "Ṅ", "Ṇ", "ṇ"
  10833, 10838, 3902, 10843, 10848, 10853, 10858, 10863, 10870, 10877, // "Ṇ", "Ṉ", "r̥", "Ṛ", "ṛ", "Ṛ", "Ṝ", "ṝ", "Ṝ", "Ṟ"
  10882, 10887, 10892, 10897, 10902, 10907, 10912, 10918, 10924, 10930, // "Ṣ", "ṣ", "Ṣ", "Ṭ", "ṭ", "Ṭ", "ṬH", "ṭh", "ṬH", "Ẏ"
  10935, 10940, 7167, 10945, 10950, 10955, 10962, 10969, 3102, 10978, // "ẏ", "Ẏ", "B", "Bʰ", "D̪", "D̪ʰ", "D͡Ʒ", "D͡Ʒʰ", "E", "Eː"
  7126, 3150, 10983, 10447, 10452, 3320, 10988, 3167, 3323, 10993, // "F", "G", "Gʰ", "Gͫ", "Gͫ̄", "H", "Iː", "J", "K", "Kʰ"
  3245, 10998, 11003, 3317, 3184, 11010, 3112, 11015, 11020, 7164, // "L", "LƗ", "LƗː", "M", "N", "N̪", "O", "Oː", "OːM", "P"
  11026, 7161, 3086, 11031, 11036, 11041, 11048, 11055, 3083, 11064, // "Pʰ", "Q", "R", "S̪", "T̪", "T̪ʰ", "T͡Ʃ", "T͡Ʃʰ", "U", "Uː"
  7129, 10297, 10301, 10289, 10293, 11069, 3248, 10567, 11074, 11080, // "X", "()", "^", "{}", "^^", "Xʽ", "Z", "Æ", "Æː", "Ŋ"
  11084, 11089, 11096, 11100, 11104, 11110, 11114, 11119, 11125, 11131, // "aː", "Ɑː", "Ɔ", "Ɖ", "Ɖʰ", "Ə", "ƏU", "Əɪ", "Ə̸", "Ɣ"
  11135, 11139, 11144, 11151, 11157, 11165, 11169, 11173, 11179, 11183, // "Ɲ", "Ɽ", "Ɽʰ", "ɾƗ", "ɾƗː", "Ʃ", "Ʈ", "Ʈʰ", "Ʋ", "ᵐB"
  11189, 11199, 10930, 10935, 10940, 11206, 3071, 10431, 10435, 7167, // "ᶮD͡Ʒ", "ᶯƉ", "Ẏ", "ẏ", "Ẏ", "ⁿD", "A", "AI", "AU", "B"
  10439, 7152, 6498, 3177, 6506, 3102, 7126, 3150, 10443, 10447, // "BH", "C", "CH", "D", "DH", "E", "F", "G", "GH", "Gͫ"
  10452, 3320, 3077, 3167, 10459, 3323, 10463, 10467, 3245, 11212, // "Gͫ̄", "H", "I", "J", "JH", "K", "KH", "K͟H", "L", "L̥"
  11217, 3317, 10478, 10484, 3184, 10489, 10495, 10501, 10507, 10515, // "L̥̄", "M", "M̆B", "M̐", "N", "N̆D", "N̆G", "N̆J", "N̆Ḍ", "n̆ḍ"
  10523, 3112, 7164, 10549, 7161, 3086, 11224, 11229, 3236, 3170, // "N̆Ḍ", "O", "P", "PH", "Q", "R", "R̥", "R̥̄", "S", "T"
  6502, 3083, 10564, 10297, 10301, 10289, 10293, 3286, 3248, 10567, // "TH", "U", "V", "()", "^", "{}", "^^", "Y", "Z", "Æ"
  10571, 10575, 10580, 10585, 10589, 10594, 10599, 10603, 10608, 11236, // "Ñ", "ñ", "Ñ", "Ô", "ô", "Ô", "Ā", "ā", "Ā", "Ē"
  11240, 11245, 10627, 10631, 10636, 10641, 10645, 10650, 11250, 11254, // "ē", "Ē", "Ġ", "ġ", "Ġ", "Ī", "ī", "Ī", "Ō", "ō"
  11259, 11264, 11271, 11279, 10669, 10673, 10678, 10683, 10687, 10692, // "Ō", "ŌṀ", "ōṁ", "ŌṀ", "Ś", "ś", "Ś", "Ū", "ū", "Ū"
  10697, 10701, 10706, 10711, 10716, 10722, 10728, 10734, 10739, 10744, // "Ǣ", "Ḍ", "ḍ", "Ḍ", "ḌH", "ḍh", "ḌH", "Ḥ", "ḥ", "Ḥ"
  10749, 10754, 10759, 10764, 10788, 11287, 11292, 11297, 10808, 10813, // "Ḵ", "Ḷ", "ḷ", "Ḷ", "Ḻ", "Ṁ", "ṁ", "Ṁ", "Ṅ", "ṅ"
  10818, 10823, 10828, 10833, 10838, 10843, 10848, 10853, 11302, 11308, // "Ṅ", "Ṇ", "ṇ", "Ṇ", "Ṉ", "Ṛ", "ṛ", "Ṛ", "ṚH", "ṛh"
  11314, 10877, 10882, 10887, 10892, 10897, 10902, 10907, 10912, 10918, // "ṚH", "Ṟ", "Ṣ", "ṣ", "Ṣ", "Ṭ", "ṭ", "Ṭ", "ṬH", "ṭh"
  10924, 10930, 10935, 10940, 3317, 10108, 11320, 11325, 11329, 11334, // "ṬH", "Ẏ", "ẏ", "Ẏ", "M", ".m", "c.o", "ld", "LLI", "LLi"
  11339, 11344, 3356, 11349, 11354, 3071, 11359, 3102, 11363, 3077, // "aum", "AUM", "oM", "RRI", "RRi", "A", "Ch", "E", "c.e", "I"
  10002, 10186, 11368, 3817, 3112, 11373, 3083, 6479, 10297, 10301, // "ii", "GY", "dny", "x", "O", "SRI", "U", "oo", "()", "^"
  10289, 10293, 11378, 11381, 3167, 11384, 11389, 11394, 11402, 11410, // "{}", "^^", "+", "_", "J", "ೱ", "ೲ", "್‍", "‍್", "ൿ"
  11415, 11420, 11425, 11430, 11435, 11440, 11445, 11450, 5471, 11455, // "ൺ", "ൻ", "ൔ", "ൕ", "ർ", "ൽ", "ൾ", "ൖ", "ൗ", "്‍"
  11463, 11471, 11471, 11476, 10297, 10301, 10289, 10293, 11484, 11492, // "‍്", "ଵ", "ଵ", "ବ଼", "()", "^", "{}", "^^", "්‍", "‍්"
  10297, 10301, 10289, 10293, 11500, 11508, 11516, 11524, 11532, 11540, // "()", "^", "{}", "^^", "ொ", "ோ", "ௌ", "்‍", "‍்", "్‍"
  11548, 10515, 10537, 10297, 10301, 10289, 10293, 10575, 10589, 10603, // "‍్", "n̆ḍ", "oṃ", "()", "^", "{}", "^^", "ñ", "ô", "ā"
  10617, 10631, 10645, 10659, 10673, 10687, 10706, 11556, 10739, 10759, // "ĕ", "ġ", "ī", "ŏ", "ś", "ū", "ḍ", "ḍʰ", "ḥ", "ḷ"
  10798, 10813, 10828, 10848, 11563, 10887, 10902, 11570, 10935, 4046, // "ṃ", "ṅ", "ṇ", "ṛ", "ṛʰ", "ṣ", "ṭ", "ṭʰ", "ẏ", ".D"
  11577, 11581, 11585, 11589, 3071, 7167, 7152, 3177, 3150, 3077, // ".L", ".R", ".T", "o.m", "A", "B", "C", "D", "G", "I"
  3167, 3323, 7164, 3170, 3083, 10297, 10301, 10289, 10293, 11594, // "J", "K", "P", "T", "U", "()", "^", "{}", "^^", "/"
  10297, 10301, 10289, 10293, // "()", "^", "{}", "^^"
};

inline constexpr std::array<ScriptStringRef, 0> scriptLanguageValues = {};

inline constexpr std::array<ScriptMetadataGroup, 341> scriptEquivalentGroups = {
  ScriptMetadataGroup{332, {0, 1}}, // "ৰ"
  ScriptMetadataGroup{383, {1, 1}}, // "ৰ়"
  ScriptMetadataGroup{342, {2, 1}}, // "ৱ"
  ScriptMetadataGroup{624, {3, 1}}, // "ভ়"
  ScriptMetadataGroup{619, {4, 1}}, // "র"
  ScriptMetadataGroup{632, {5, 1}}, // "র়"
  ScriptMetadataGroup{11597, {6, 2}}, // "x:0"
  ScriptMetadataGroup{11602, {8, 2}}, // "x:1"
  ScriptMetadataGroup{1336, {10, 2}}, // "ऍ"
  ScriptMetadataGroup{1801, {12, 2}}, // "ऽ"
  ScriptMetadataGroup{1354, {14, 3}}, // "्"
  ScriptMetadataGroup{1796, {17, 1}}, // "ॐ"
  ScriptMetadataGroup{1634, {18, 1}}, // "क़"
  ScriptMetadataGroup{1639, {19, 1}}, // "ख़"
  ScriptMetadataGroup{1644, {20, 1}}, // "ग़"
  ScriptMetadataGroup{1649, {21, 1}}, // "ज़"
  ScriptMetadataGroup{1654, {22, 1}}, // "ड़"
  ScriptMetadataGroup{1659, {23, 1}}, // "ढ़"
  ScriptMetadataGroup{1664, {24, 1}}, // "फ़"
  ScriptMetadataGroup{1669, {25, 1}}, // "य़"
  ScriptMetadataGroup{2979, {26, 1}}, // "ਂ"
  ScriptMetadataGroup{11597, {27, 2}}, // "x:0"
  ScriptMetadataGroup{11602, {29, 2}}, // "x:1"
  ScriptMetadataGroup{3068, {31, 1}}, // "a"
  ScriptMetadataGroup{3108, {32, 1}}, // "ai"
  ScriptMetadataGroup{3118, {33, 1}}, // "au"
  ScriptMetadataGroup{3211, {34, 1}}, // "b"
  ScriptMetadataGroup{3214, {35, 1}}, // "bh"
  ScriptMetadataGroup{3153, {36, 1}}, // "c"
  ScriptMetadataGroup{3156, {37, 1}}, // "ch"
  ScriptMetadataGroup{3194, {38, 1}}, // "d"
  ScriptMetadataGroup{3197, {39, 1}}, // "dh"
  ScriptMetadataGroup{3105, {40, 1}}, // "e"
  ScriptMetadataGroup{3283, {41, 1}}, // "f"
  ScriptMetadataGroup{3143, {42, 1}}, // "g"
  ScriptMetadataGroup{3146, {43, 1}}, // "gh"
  ScriptMetadataGroup{3367, {44, 1}}, // "gͫ"
  ScriptMetadataGroup{3372, {45, 1}}, // "gͫ̄"
  ScriptMetadataGroup{3242, {46, 1}}, // "h"
  ScriptMetadataGroup{3074, {47, 1}}, // "i"
  ScriptMetadataGroup{3160, {48, 1}}, // "j"
  ScriptMetadataGroup{3163, {49, 1}}, // "jh"
  ScriptMetadataGroup{3136, {50, 1}}, // "k"
  ScriptMetadataGroup{3139, {51, 1}}, // "kh"
  ScriptMetadataGroup{3500, {52, 1}}, // "k͟h"
  ScriptMetadataGroup{3227, {53, 1}}, // "l"
  ScriptMetadataGroup{3480, {54, 1}}, // "l̤"
  ScriptMetadataGroup{3218, {55, 1}}, // "m"
  ScriptMetadataGroup{3552, {56, 1}}, // "m̆b"
  ScriptMetadataGroup{3558, {57, 1}}, // "m̐"
  ScriptMetadataGroup{3201, {58, 1}}, // "n"
  ScriptMetadataGroup{3546, {59, 1}}, // "n̆d"
  ScriptMetadataGroup{3526, {60, 1}}, // "n̆g"
  ScriptMetadataGroup{3532, {61, 1}}, // "n̆j"
  ScriptMetadataGroup{3538, {62, 3}}, // "n̆ḍ"
  ScriptMetadataGroup{3115, {65, 1}}, // "o"
  ScriptMetadataGroup{3578, {66, 3}}, // "oṃ"
  ScriptMetadataGroup{3204, {69, 1}}, // "p"
  ScriptMetadataGroup{3207, {70, 1}}, // "ph"
  ScriptMetadataGroup{3259, {71, 1}}, // "q"
  ScriptMetadataGroup{3224, {72, 1}}, // "r"
  ScriptMetadataGroup{3510, {73, 1}}, // "r̤"
  ScriptMetadataGroup{3515, {74, 1}}, // "r̤h"
  ScriptMetadataGroup{3239, {75, 1}}, // "s"
  ScriptMetadataGroup{3187, {76, 1}}, // "t"
  ScriptMetadataGroup{3190, {77, 1}}, // "th"
  ScriptMetadataGroup{3080, {78, 1}}, // "u"
  ScriptMetadataGroup{3230, {79, 1}}, // "v"
  ScriptMetadataGroup{11597, {80, 2}}, // "x:0"
  ScriptMetadataGroup{11602, {82, 2}}, // "x:1"
  ScriptMetadataGroup{3221, {84, 1}}, // "y"
  ScriptMetadataGroup{3233, {85, 1}}, // "z"
  ScriptMetadataGroup{3423, {86, 1}}, // "æ"
  ScriptMetadataGroup{3440, {87, 3}}, // "ñ"
  ScriptMetadataGroup{3431, {90, 3}}, // "ô"
  ScriptMetadataGroup{3383, {93, 3}}, // "ā"
  ScriptMetadataGroup{3415, {96, 3}}, // "ĕ"
  ScriptMetadataGroup{3506, {99, 3}}, // "ġ"
  ScriptMetadataGroup{3387, {102, 3}}, // "ī"
  ScriptMetadataGroup{3419, {105, 3}}, // "ŏ"
  ScriptMetadataGroup{3471, {108, 3}}, // "ś"
  ScriptMetadataGroup{3391, {111, 3}}, // "ū"
  ScriptMetadataGroup{3427, {114, 1}}, // "ǣ"
  ScriptMetadataGroup{3455, {115, 3}}, // "ḍ"
  ScriptMetadataGroup{3460, {118, 3}}, // "ḍh"
  ScriptMetadataGroup{3568, {121, 3}}, // "ḥ"
  ScriptMetadataGroup{3573, {124, 1}}, // "ḵ"
  ScriptMetadataGroup{3405, {125, 3}}, // "ḷ"
  ScriptMetadataGroup{3410, {128, 3}}, // "ḹ"
  ScriptMetadataGroup{3485, {131, 1}}, // "ḻ"
  ScriptMetadataGroup{3563, {132, 3}}, // "ṃ"
  ScriptMetadataGroup{3435, {135, 3}}, // "ṅ"
  ScriptMetadataGroup{3466, {138, 3}}, // "ṇ"
  ScriptMetadataGroup{3495, {141, 1}}, // "ṉ"
  ScriptMetadataGroup{3395, {142, 4}}, // "ṛ"
  ScriptMetadataGroup{3400, {146, 3}}, // "ṝ"
  ScriptMetadataGroup{3490, {149, 1}}, // "ṟ"
  ScriptMetadataGroup{3475, {150, 3}}, // "ṣ"
  ScriptMetadataGroup{3444, {153, 3}}, // "ṭ"
  ScriptMetadataGroup{3449, {156, 3}}, // "ṭh"
  ScriptMetadataGroup{3521, {159, 3}}, // "ẏ"
  ScriptMetadataGroup{3211, {162, 1}}, // "b"
  ScriptMetadataGroup{3779, {163, 1}}, // "bʰ"
  ScriptMetadataGroup{3757, {164, 1}}, // "d̪"
  ScriptMetadataGroup{3762, {165, 1}}, // "d̪ʰ"
  ScriptMetadataGroup{3701, {166, 1}}, // "d͡ʒ"
  ScriptMetadataGroup{3708, {167, 1}}, // "d͡ʒʰ"
  ScriptMetadataGroup{3105, {168, 1}}, // "e"
  ScriptMetadataGroup{3640, {169, 1}}, // "eː"
  ScriptMetadataGroup{3283, {170, 1}}, // "f"
  ScriptMetadataGroup{3143, {171, 1}}, // "g"
  ScriptMetadataGroup{3676, {172, 1}}, // "gʰ"
  ScriptMetadataGroup{3367, {173, 1}}, // "gͫ"
  ScriptMetadataGroup{3372, {174, 1}}, // "gͫ̄"
  ScriptMetadataGroup{3242, {175, 1}}, // "h"
  ScriptMetadataGroup{3604, {176, 1}}, // "iː"
  ScriptMetadataGroup{3160, {177, 1}}, // "j"
  ScriptMetadataGroup{3136, {178, 1}}, // "k"
  ScriptMetadataGroup{3671, {179, 1}}, // "kʰ"
  ScriptMetadataGroup{3227, {180, 1}}, // "l"
  ScriptMetadataGroup{3628, {181, 1}}, // "lɨ"
  ScriptMetadataGroup{3633, {182, 1}}, // "lɨː"
  ScriptMetadataGroup{3218, {183, 1}}, // "m"
  ScriptMetadataGroup{3201, {184, 1}}, // "n"
  ScriptMetadataGroup{3769, {185, 1}}, // "n̪"
  ScriptMetadataGroup{3115, {186, 1}}, // "o"
  ScriptMetadataGroup{3651, {187, 1}}, // "oː"
  ScriptMetadataGroup{3885, {188, 1}}, // "oːm"
  ScriptMetadataGroup{3204, {189, 1}}, // "p"
  ScriptMetadataGroup{3774, {190, 1}}, // "pʰ"
  ScriptMetadataGroup{3259, {191, 1}}, // "q"
  ScriptMetadataGroup{3224, {192, 1}}, // "r"
  ScriptMetadataGroup{3800, {193, 1}}, // "s̪"
  ScriptMetadataGroup{3745, {194, 1}}, // "t̪"
  ScriptMetadataGroup{3750, {195, 1}}, // "t̪ʰ"
  ScriptMetadataGroup{3685, {196, 1}}, // "t͡ʃ"
  ScriptMetadataGroup{3692, {197, 1}}, // "t͡ʃʰ"
  ScriptMetadataGroup{3080, {198, 1}}, // "u"
  ScriptMetadataGroup{3609, {199, 1}}, // "uː"
  ScriptMetadataGroup{3817, {200, 1}}, // "x"
  ScriptMetadataGroup{11597, {201, 2}}, // "x:0"
  ScriptMetadataGroup{11602, {203, 2}}, // "x:1"
  ScriptMetadataGroup{3880, {205, 1}}, // "xʽ"
  ScriptMetadataGroup{3233, {206, 1}}, // "z"
  ScriptMetadataGroup{3423, {207, 1}}, // "æ"
  ScriptMetadataGroup{3661, {208, 1}}, // "æː"
  ScriptMetadataGroup{3681, {209, 1}}, // "ŋ"
  ScriptMetadataGroup{3594, {210, 2}}, // "ɑː"
  ScriptMetadataGroup{3667, {212, 1}}, // "ɔ"
  ScriptMetadataGroup{3731, {213, 1}}, // "ɖ"
  ScriptMetadataGroup{3735, {214, 1}}, // "ɖʰ"
  ScriptMetadataGroup{3590, {215, 1}}, // "ə"
  ScriptMetadataGroup{3656, {216, 1}}, // "əu"
  ScriptMetadataGroup{3645, {217, 1}}, // "əɪ"
  ScriptMetadataGroup{3891, {218, 1}}, // "ə̸"
  ScriptMetadataGroup{3820, {219, 1}}, // "ɣ"
  ScriptMetadataGroup{3717, {220, 1}}, // "ɲ"
  ScriptMetadataGroup{3824, {221, 1}}, // "ɽ"
  ScriptMetadataGroup{3828, {222, 1}}, // "ɽʰ"
  ScriptMetadataGroup{3614, {223, 1}}, // "ɾɨ"
  ScriptMetadataGroup{3620, {224, 1}}, // "ɾɨː"
  ScriptMetadataGroup{3792, {225, 1}}, // "ʃ"
  ScriptMetadataGroup{3721, {226, 1}}, // "ʈ"
  ScriptMetadataGroup{3725, {227, 1}}, // "ʈʰ"
  ScriptMetadataGroup{3788, {228, 1}}, // "ʋ"
  ScriptMetadataGroup{3864, {229, 1}}, // "ᵐb"
  ScriptMetadataGroup{3841, {230, 1}}, // "ᶮd͡ʒ"
  ScriptMetadataGroup{3851, {231, 1}}, // "ᶯɖ"
  ScriptMetadataGroup{3521, {232, 3}}, // "ẏ"
  ScriptMetadataGroup{3858, {235, 1}}, // "ⁿd"
  ScriptMetadataGroup{3068, {236, 1}}, // "a"
  ScriptMetadataGroup{3108, {237, 1}}, // "ai"
  ScriptMetadataGroup{3118, {238, 1}}, // "au"
  ScriptMetadataGroup{3211, {239, 1}}, // "b"
  ScriptMetadataGroup{3214, {240, 1}}, // "bh"
  ScriptMetadataGroup{3153, {241, 1}}, // "c"
  ScriptMetadataGroup{3156, {242, 1}}, // "ch"
  ScriptMetadataGroup{3194, {243, 1}}, // "d"
  ScriptMetadataGroup{3197, {244, 1}}, // "dh"
  ScriptMetadataGroup{3105, {245, 1}}, // "e"
  ScriptMetadataGroup{3283, {246, 1}}, // "f"
  ScriptMetadataGroup{3143, {247, 1}}, // "g"
  ScriptMetadataGroup{3146, {248, 1}}, // "gh"
  ScriptMetadataGroup{3367, {249, 1}}, // "gͫ"
  ScriptMetadataGroup{3372, {250, 1}}, // "gͫ̄"
  ScriptMetadataGroup{3242, {251, 1}}, // "h"
  ScriptMetadataGroup{3074, {252, 1}}, // "i"
  ScriptMetadataGroup{3160, {253, 1}}, // "j"
  ScriptMetadataGroup{3163, {254, 1}}, // "jh"
  ScriptMetadataGroup{3136, {255, 1}}, // "k"
  ScriptMetadataGroup{3139, {256, 1}}, // "kh"
  ScriptMetadataGroup{3500, {257, 1}}, // "k͟h"
  ScriptMetadataGroup{3227, {258, 1}}, // "l"
  ScriptMetadataGroup{3914, {259, 1}}, // "l̥"
  ScriptMetadataGroup{3919, {260, 1}}, // "l̥̄"
  ScriptMetadataGroup{3218, {261, 1}}, // "m"
  ScriptMetadataGroup{3552, {262, 1}}, // "m̆b"
  ScriptMetadataGroup{3558, {263, 1}}, // "m̐"
  ScriptMetadataGroup{3201, {264, 1}}, // "n"
  ScriptMetadataGroup{3546, {265, 1}}, // "n̆d"
  ScriptMetadataGroup{3526, {266, 1}}, // "n̆g"
  ScriptMetadataGroup{3532, {267, 1}}, // "n̆j"
  ScriptMetadataGroup{3538, {268, 3}}, // "n̆ḍ"
  ScriptMetadataGroup{3115, {271, 1}}, // "o"
  ScriptMetadataGroup{3204, {272, 1}}, // "p"
  ScriptMetadataGroup{3207, {273, 1}}, // "ph"
  ScriptMetadataGroup{3259, {274, 1}}, // "q"
  ScriptMetadataGroup{3224, {275, 1}}, // "r"
  ScriptMetadataGroup{3902, {276, 1}}, // "r̥"
  ScriptMetadataGroup{3907, {277, 1}}, // "r̥̄"
  ScriptMetadataGroup{3239, {278, 1}}, // "s"
  ScriptMetadataGroup{3187, {279, 1}}, // "t"
  ScriptMetadataGroup{3190, {280, 1}}, // "th"
  ScriptMetadataGroup{3080, {281, 1}}, // "u"
  ScriptMetadataGroup{3230, {282, 1}}, // "v"
  ScriptMetadataGroup{11597, {283, 2}}, // "x:0"
  ScriptMetadataGroup{11602, {285, 2}}, // "x:1"
  ScriptMetadataGroup{3221, {287, 1}}, // "y"
  ScriptMetadataGroup{3233, {288, 1}}, // "z"
  ScriptMetadataGroup{3423, {289, 1}}, // "æ"
  ScriptMetadataGroup{3440, {290, 3}}, // "ñ"
  ScriptMetadataGroup{3431, {293, 3}}, // "ô"
  ScriptMetadataGroup{3383, {296, 3}}, // "ā"
  ScriptMetadataGroup{3926, {299, 3}}, // "ē"
  ScriptMetadataGroup{3506, {302, 3}}, // "ġ"
  ScriptMetadataGroup{3387, {305, 3}}, // "ī"
  ScriptMetadataGroup{3930, {308, 3}}, // "ō"
  ScriptMetadataGroup{3945, {311, 3}}, // "ōṁ"
  ScriptMetadataGroup{3471, {314, 3}}, // "ś"
  ScriptMetadataGroup{3391, {317, 3}}, // "ū"
  ScriptMetadataGroup{3427, {320, 1}}, // "ǣ"
  ScriptMetadataGroup{3455, {321, 3}}, // "ḍ"
  ScriptMetadataGroup{3460, {324, 3}}, // "ḍh"
  ScriptMetadataGroup{3568, {327, 3}}, // "ḥ"
  ScriptMetadataGroup{3573, {330, 1}}, // "ḵ"
  ScriptMetadataGroup{3405, {331, 3}}, // "ḷ"
  ScriptMetadataGroup{3485, {334, 1}}, // "ḻ"
  ScriptMetadataGroup{3940, {335, 3}}, // "ṁ"
  ScriptMetadataGroup{3435, {338, 3}}, // "ṅ"
  ScriptMetadataGroup{3466, {341, 3}}, // "ṇ"
  ScriptMetadataGroup{3495, {344, 1}}, // "ṉ"
  ScriptMetadataGroup{3395, {345, 3}}, // "ṛ"
  ScriptMetadataGroup{3934, {348, 3}}, // "ṛh"
  ScriptMetadataGroup{3490, {351, 1}}, // "ṟ"
  ScriptMetadataGroup{3475, {352, 3}}, // "ṣ"
  ScriptMetadataGroup{3444, {355, 3}}, // "ṭ"
  ScriptMetadataGroup{3449, {358, 3}}, // "ṭh"
  ScriptMetadataGroup{3521, {361, 3}}, // "ẏ"
  ScriptMetadataGroup{10050, {364, 2}}, // ".n"
  ScriptMetadataGroup{4012, {366, 1}}, // "A.c"
  ScriptMetadataGroup{3245, {367, 1}}, // "L"
  ScriptMetadataGroup{3989, {368, 1}}, // "L^I"
  ScriptMetadataGroup{3984, {369, 1}}, // "L^i"
  ScriptMetadataGroup{4063, {370, 3}}, // "OM"
  ScriptMetadataGroup{3979, {373, 1}}, // "R^I"
  ScriptMetadataGroup{3974, {374, 1}}, // "R^i"
  ScriptMetadataGroup{3962, {375, 1}}, // "aa"
  ScriptMetadataGroup{4021, {376, 1}}, // "chh"
  ScriptMetadataGroup{3105, {377, 1}}, // "e"
  ScriptMetadataGroup{4002, {378, 1}}, // "e.c"
  ScriptMetadataGroup{3966, {379, 2}}, // "ee"
  ScriptMetadataGroup{11607, {381, 2}}, // "j~n"
  ScriptMetadataGroup{11612, {383, 1}}, // "kSh"
  ScriptMetadataGroup{3115, {384, 1}}, // "o"
  ScriptMetadataGroup{11617, {385, 1}}, // "shree"
  ScriptMetadataGroup{3970, {386, 2}}, // "uu"
  ScriptMetadataGroup{11597, {388, 2}}, // "x:0"
  ScriptMetadataGroup{11602, {390, 3}}, // "x:1"
  ScriptMetadataGroup{11624, {393, 1}}, // "x:2"
  ScriptMetadataGroup{3233, {394, 1}}, // "z"
  ScriptMetadataGroup{4678, {395, 2}}, // "ಽ"
  ScriptMetadataGroup{4193, {397, 2}}, // "್"
  ScriptMetadataGroup{11629, {399, 1}}, // "ക്"
  ScriptMetadataGroup{11637, {400, 1}}, // "ണ്"
  ScriptMetadataGroup{11645, {401, 1}}, // "ന്"
  ScriptMetadataGroup{11653, {402, 1}}, // "മ്"
  ScriptMetadataGroup{11661, {403, 1}}, // "യ്"
  ScriptMetadataGroup{11669, {404, 1}}, // "ര്"
  ScriptMetadataGroup{11677, {405, 1}}, // "ല്"
  ScriptMetadataGroup{11685, {406, 1}}, // "ള്"
  ScriptMetadataGroup{11693, {407, 1}}, // "ഴ്"
  ScriptMetadataGroup{11701, {408, 1}}, // "ൌ"
  ScriptMetadataGroup{5396, {409, 2}}, // "്"
  ScriptMetadataGroup{6228, {411, 3}}, // "ୱ"
  ScriptMetadataGroup{11597, {414, 2}}, // "x:0"
  ScriptMetadataGroup{11602, {416, 2}}, // "x:1"
  ScriptMetadataGroup{6660, {418, 2}}, // "්"
  ScriptMetadataGroup{11597, {420, 2}}, // "x:0"
  ScriptMetadataGroup{11602, {422, 2}}, // "x:1"
  ScriptMetadataGroup{7435, {424, 1}}, // "ொ"
  ScriptMetadataGroup{7440, {425, 1}}, // "ோ"
  ScriptMetadataGroup{7445, {426, 1}}, // "ௌ"
  ScriptMetadataGroup{7338, {427, 2}}, // "்"
  ScriptMetadataGroup{8086, {429, 2}}, // "్"
  ScriptMetadataGroup{3538, {431, 1}}, // "n̆ḍ"
  ScriptMetadataGroup{3578, {432, 1}}, // "oṃ"
  ScriptMetadataGroup{11597, {433, 2}}, // "x:0"
  ScriptMetadataGroup{11602, {435, 2}}, // "x:1"
  ScriptMetadataGroup{3440, {437, 1}}, // "ñ"
  ScriptMetadataGroup{3431, {438, 1}}, // "ô"
  ScriptMetadataGroup{3383, {439, 1}}, // "ā"
  ScriptMetadataGroup{3415, {440, 1}}, // "ĕ"
  ScriptMetadataGroup{3506, {441, 1}}, // "ġ"
  ScriptMetadataGroup{3387, {442, 1}}, // "ī"
  ScriptMetadataGroup{3419, {443, 1}}, // "ŏ"
  ScriptMetadataGroup{3471, {444, 1}}, // "ś"
  ScriptMetadataGroup{3391, {445, 1}}, // "ū"
  ScriptMetadataGroup{3455, {446, 1}}, // "ḍ"
  ScriptMetadataGroup{9964, {447, 1}}, // "ḍʰ"
  ScriptMetadataGroup{3568, {448, 1}}, // "ḥ"
  ScriptMetadataGroup{3405, {449, 1}}, // "ḷ"
  ScriptMetadataGroup{3563, {450, 1}}, // "ṃ"
  ScriptMetadataGroup{3435, {451, 1}}, // "ṅ"
  ScriptMetadataGroup{3466, {452, 1}}, // "ṇ"
  ScriptMetadataGroup{3395, {453, 1}}, // "ṛ"
  ScriptMetadataGroup{9988, {454, 1}}, // "ṛʰ"
  ScriptMetadataGroup{3475, {455, 1}}, // "ṣ"
  ScriptMetadataGroup{3444, {456, 1}}, // "ṭ"
  ScriptMetadataGroup{9957, {457, 1}}, // "ṭʰ"
  ScriptMetadataGroup{3521, {458, 1}}, // "ẏ"
  ScriptMetadataGroup{10045, {459, 1}}, // ".dh"
  ScriptMetadataGroup{10019, {460, 1}}, // ".ll"
  ScriptMetadataGroup{10010, {461, 1}}, // ".rr"
  ScriptMetadataGroup{10036, {462, 1}}, // ".th"
  ScriptMetadataGroup{3112, {463, 1}}, // "O"
  ScriptMetadataGroup{3962, {464, 1}}, // "aa"
  ScriptMetadataGroup{3214, {465, 1}}, // "bh"
  ScriptMetadataGroup{3156, {466, 1}}, // "ch"
  ScriptMetadataGroup{3197, {467, 1}}, // "dh"
  ScriptMetadataGroup{3146, {468, 1}}, // "gh"
  ScriptMetadataGroup{10002, {469, 1}}, // "ii"
  ScriptMetadataGroup{3163, {470, 1}}, // "jh"
  ScriptMetadataGroup{3139, {471, 1}}, // "kh"
  ScriptMetadataGroup{3207, {472, 1}}, // "ph"
  ScriptMetadataGroup{3190, {473, 1}}, // "th"
  ScriptMetadataGroup{3970, {474, 1}}, // "uu"
  ScriptMetadataGroup{11597, {475, 2}}, // "x:0"
  ScriptMetadataGroup{11602, {477, 2}}, // "x:1"
  ScriptMetadataGroup{10104, {479, 1}}, // "~m"
  ScriptMetadataGroup{11597, {480, 2}}, // "x:0"
  ScriptMetadataGroup{11602, {482, 2}}, // "x:1"
};

inline constexpr std::array<ScriptMetadataGroup, 1> scriptLanguageGroups = {
  ScriptMetadataGroup{10257, {0, 0}}, // "hindi"
};

inline constexpr std::array<ScriptMetadataRecord, 26> scriptMetadataScripts = {{
  ScriptMetadataRecord{
    .name = 609, // "assamese"
    .type = ScriptType::Indic,
    .flags = ScriptMetadataFlagVedic,
    .characters = {
      .vowels = {
        0, 5, 10, 15, 20, 25, 30, 35, 40, 45, // "অ", "আ", "ই", "ঈ", "উ", "ঊ", "ঋ", "ৠ", "ঌ", "ৡ"
        50, 58, 63, 68, 76, 81, 50, 86, 93, // "এ᳴", "এ", "ঐ", "ও᳴", "ও", "ঔ", "এ᳴", "এˇ", "আ᳴"
      },
      .vowelMarks = {
        101, 106, 111, 116, 121, 126, 131, 136, 141, 146, // "্", "া", "ি", "ী", "ু", "ূ", "ৃ", "ৄ", "ৢ", "ৣ"
        151, 159, 164, 169, 177, 182, 151, 187, 194, // "ে᳴", "ে", "ৈ", "ো᳴", "ো", "ৌ", "ে᳴", "েˇ", "া᳴"
      },
      .consonants = {
        202, 207, 212, 217, 222, 227, 232, 237, 242, 247, // "ক", "খ", "গ", "ঘ", "ঙ", "চ", "ছ", "জ", "ঝ", "ঞ"
        252, 257, 262, 267, 272, 277, 282, 287, 292, 297, // "ট", "ঠ", "ড", "ঢ", "ণ", "ত", "থ", "দ", "ধ", "ন"
        302, 307, 312, 317, 322, 327, 332, 337, 342, 347, // "প", "ফ", "ব", "ভ", "ম", "য", "ৰ", "ল", "ৱ", "শ"
        352, 357, 362, 367, 375, 383, 391, 399, 407, 415, // "ষ", "স", "হ", "ল়", "ষ়", "ৰ়", "ন়", "ক়", "খ়", "গ়"
        423, 431, 436, 441, 449, 454, 464, 474, 484, 494, // "জ়", "ড়", "ঢ়", "ফ়", "য়", "ঁˆগ", "ঁˆজ", "ঁˆড", "ঁˆদ", "ঁˆব"
      },
      .otherDiacritics = {
        504, 509, 514, 519, // "ঁ", "ং", "ঃ", "ঃʼ"
      },
      .symbols = {
        526, 531, 536, 541, 546, 551, 556, 561, 566, 571, // "০", "১", "২", "৩", "৪", "৫", "৬", "৭", "৮", "৯"
        576, 584, 589, // "ওঁ", "।", "॥"
      },
      .vedicSymbols = {
        594, 599, 604, // "ঽ", "ꣳ", "ꣴ"
      },
    },
    .aliases = {0, 0},
    .equivalents = {0, 3},
    .languages = {0, 0},
  },
  ScriptMetadataRecord{
    .name = 640, // "bengali"
    .type = ScriptType::Indic,
    .flags = ScriptMetadataFlagVedic,
    .characters = {
      .vowels = {
        0, 5, 10, 15, 20, 25, 30, 35, 40, 45, // "অ", "আ", "ই", "ঈ", "উ", "ঊ", "ঋ", "ৠ", "ঌ", "ৡ"
        50, 58, 63, 68, 76, 81, 50, 86, 93, // "এ᳴", "এ", "ঐ", "ও᳴", "ও", "ঔ", "এ᳴", "এˇ", "আ᳴"
      },
      .vowelMarks = {
        101, 106, 111, 116, 121, 126, 131, 136, 141, 146, // "্", "া", "ি", "ী", "ু", "ূ", "ৃ", "ৄ", "ৢ", "ৣ"
        151, 159, 164, 169, 177, 182, 151, 187, 194, // "ে᳴", "ে", "ৈ", "ো᳴", "ো", "ৌ", "ে᳴", "েˇ", "া᳴"
      },
      .consonants = {
        202, 207, 212, 217, 222, 227, 232, 237, 242, 247, // "ক", "খ", "গ", "ঘ", "ঙ", "চ", "ছ", "জ", "ঝ", "ঞ"
        252, 257, 262, 267, 272, 277, 282, 287, 292, 297, // "ট", "ঠ", "ড", "ঢ", "ণ", "ত", "থ", "দ", "ধ", "ন"
        302, 307, 312, 317, 322, 327, 619, 337, 624, 347, // "প", "ফ", "ব", "ভ", "ম", "য", "র", "ল", "ভ়", "শ"
        352, 357, 362, 367, 375, 632, 391, 399, 407, 415, // "ষ", "স", "হ", "ল়", "ষ়", "র়", "ন়", "ক়", "খ়", "গ়"
        423, 431, 436, 441, 449, 454, 464, 474, 484, 494, // "জ়", "ড়", "ঢ়", "ফ়", "য়", "ঁˆগ", "ঁˆজ", "ঁˆড", "ঁˆদ", "ঁˆব"
      },
      .otherDiacritics = {
        504, 509, 514, 519, // "ঁ", "ং", "ঃ", "ঃʼ"
      },
      .symbols = {
        526, 531, 536, 541, 546, 551, 556, 561, 566, 571, // "০", "১", "২", "৩", "৪", "৫", "৬", "৭", "৮", "৯"
        576, 584, 589, // "ওঁ", "।", "॥"
      },
      .vedicSymbols = {
        594, 599, 604, // "ঽ", "ꣳ", "ꣴ"
      },
    },
    .aliases = {0, 1},
    .equivalents = {3, 3},
    .languages = {0, 0},
  },
  ScriptMetadataRecord{
    .name = 1247, // "burmese"
    .type = ScriptType::Indic,
    .flags = 0,
    .characters = {
      .vowels = {
        649, 654, 662, 667, 672, 677, 682, 687, 692, 697, // "အ", "အာ", "ဣ", "ဤ", "ဥ", "ဦ", "ၒ", "ၓ", "ၔ", "ၕ"
        702, 709, 714, 722, 729, 734, 702, 702, 739, // "ဧʽ", "ဧ", "အဲ", "ဩʽ", "ဩ", "ဪ", "ဧʽ", "ဧʽ", "အာʽ"
      },
      .vowelMarks = {
        749, 754, 759, 764, 769, 774, 779, 784, 789, 794, // "်", "ာ", "ိ", "ီ", "ု", "ူ", "ၖ", "ၗ", "ၘ", "ၙ"
        799, 806, 811, 816, 826, 834, 799, 799, 845, // "ေʽ", "ေ", "ဲ", "ောʽ", "ော", "ော်", "ေʽ", "ေʽ", "ာʽ"
      },
      .consonants = {
        852, 857, 862, 867, 872, 877, 882, 887, 892, 897, // "က", "ခ", "ဂ", "ဃ", "င", "စ", "ဆ", "ဇ", "ဈ", "ဉ"
        902, 907, 912, 917, 922, 927, 932, 937, 942, 947, // "ဋ", "ဌ", "ဍ", "ဎ", "ဏ", "တ", "ထ", "ဒ", "ဓ", "န"
        952, 957, 962, 967, 972, 977, 982, 987, 992, 997, // "ပ", "ဖ", "ဗ", "ဘ", "မ", "ယ", "ရ", "လ", "ဝ", "ၐ"
        1002, 1007, 1012, 1017, 1022, 1029, 1036, 1043, 1050, 1057, // "ၑ", "သ", "ဟ", "ဠ", "ဠʽ", "ရʽ", "နʽ", "ကʽ", "ခʽ", "ဂʽ"
        1064, 1071, 1078, 1085, 1092, 1099, 1109, 1119, 1129, 1139, // "ဇʽ", "ဍʽ", "ဎʽ", "ဖʽ", "ယʽ", "ံဂʽ", "ံဇʽ", "ံဍʽ", "ံဒʽ", "ံဗʽ"
      },
      .otherDiacritics = {
        1149, 1156, 1161, 1166, // "ံʽ", "ံ", "း", "းʽ"
      },
      .symbols = {
        1173, 1178, 1183, 1188, 1193, 1198, 1203, 1208, 1213, 1218, // "၀", "၁", "၂", "၃", "၄", "၅", "၆", "၇", "၈", "၉"
        1223, 1234, 1239, // "ဥုံ", "၊", "။"
      },
      .vedicSymbols = {
        1244, 599, 604, // "'", "ꣳ", "ꣴ"
      },
    },
    .aliases = {1, 0},
    .equivalents = {6, 2},
    .languages = {0, 0},
  },
  ScriptMetadataRecord{
    .name = 1806, // "devanagari"
    .type = ScriptType::Indic,
    .flags = ScriptMetadataFlagVedic,
    .characters = {
      .vowels = {
        1256, 1261, 1266, 1271, 1276, 1281, 1286, 1291, 1296, 1301, // "अ", "आ", "इ", "ई", "उ", "ऊ", "ऋ", "ॠ", "ऌ", "ॡ"
        1306, 1311, 1316, 1321, 1326, 1331, 1336, 1341, 1349, // "ऎ", "ए", "ऐ", "ऒ", "ओ", "औ", "ऍ", "एॕ", "ऑ"
      },
      .vowelMarks = {
        1354, 1359, 1364, 1369, 1374, 1379, 1384, 1389, 1394, 1399, // "्", "ा", "ि", "ी", "ु", "ू", "ृ", "ॄ", "ॢ", "ॣ"
        1404, 1409, 1414, 1419, 1424, 1429, 1434, 1439, 1444, // "ॆ", "े", "ै", "ॊ", "ो", "ौ", "ॅ", "ॕ", "ॉ"
      },
      .consonants = {
        1449, 1454, 1459, 1464, 1469, 1474, 1479, 1484, 1489, 1494, // "क", "ख", "ग", "घ", "ङ", "च", "छ", "ज", "झ", "ञ"
        1499, 1504, 1509, 1514, 1519, 1524, 1529, 1534, 1539, 1544, // "ट", "ठ", "ड", "ढ", "ण", "त", "थ", "द", "ध", "न"
        1549, 1554, 1559, 1564, 1569, 1574, 1579, 1584, 1589, 1594, // "प", "फ", "ब", "भ", "म", "य", "र", "ल", "व", "श"
        1599, 1604, 1609, 1614, 1619, 1624, 1629, 1634, 1639, 1644, // "ष", "स", "ह", "ळ", "ऴ", "ऱ", "ऩ", "क़", "ख़", "ग़"
        1649, 1654, 1659, 1664, 1669, 1674, 1684, 1694, 1704, 1714, // "ज़", "ड़", "ढ़", "फ़", "य़", "ँˆग", "ँˆज", "ँˆड", "ँˆद", "ँˆब"
      },
      .otherDiacritics = {
        1724, 1729, 1734, 1739, // "ँ", "ं", "ः", "ःʼ"
      },
      .symbols = {
        1746, 1751, 1756, 1761, 1766, 1771, 1776, 1781, 1786, 1791, // "०", "१", "२", "३", "४", "५", "६", "७", "८", "९"
        1796, 584, 589, // "ॐ", "।", "॥"
      },
      .vedicSymbols = {
        1801, 599, 604, // "ऽ", "ꣳ", "ꣴ"
      },
    },
    .aliases = {1, 2},
    .equivalents = {8, 12},
    .languages = {0, 1},
  },
  ScriptMetadataRecord{
    .name = 2414, // "gujarati"
    .type = ScriptType::Indic,
    .flags = ScriptMetadataFlagVedic,
    .characters = {
      .vowels = {
        1818, 1823, 1828, 1833, 1838, 1843, 1848, 1853, 1858, 1863, // "અ", "આ", "ઇ", "ઈ", "ઉ", "ઊ", "ઋ", "ૠ", "ઌ", "ૡ"
        1868, 1876, 1881, 1886, 1894, 1899, 1904, 1909, 1916, // "એ᳴", "એ", "ઐ", "ઓ᳴", "ઓ", "ઔ", "ઍ", "ઍˇ", "ઑ"
      },
      .vowelMarks = {
        1921, 1926, 1931, 1936, 1941, 1946, 1951, 1956, 1961, 1966, // "્", "ા", "િ", "ી", "ુ", "ૂ", "ૃ", "ૄ", "ૢ", "ૣ"
        1971, 1979, 1984, 1989, 1997, 2002, 2007, 2012, 2019, // "ે᳴", "ે", "ૈ", "ો᳴", "ો", "ૌ", "ૅ", "ૅˇ", "ૉ"
      },
      .consonants = {
        2024, 2029, 2034, 2039, 2044, 2049, 2054, 2059, 2064, 2069, // "ક", "ખ", "ગ", "ઘ", "ઙ", "ચ", "છ", "જ", "ઝ", "ઞ"
        2074, 2079, 2084, 2089, 2094, 2099, 2104, 2109, 2114, 2119, // "ટ", "ઠ", "ડ", "ઢ", "ણ", "ત", "થ", "દ", "ધ", "ન"
        2124, 2129, 2134, 2139, 2144, 2149, 2154, 2159, 2164, 2169, // "પ", "ફ", "બ", "ભ", "મ", "ય", "ર", "લ", "વ", "શ"
        2174, 2179, 2184, 2189, 2194, 2202, 2210, 2218, 2226, 2234, // "ષ", "સ", "હ", "ળ", "ળ઼", "ર઼", "ન઼", "ક઼", "ખ઼", "ગ઼"
        2242, 2250, 2258, 2266, 2274, 2282, 2292, 2302, 2312, 2322, // "જ઼", "ડ઼", "ઢ઼", "ફ઼", "ય઼", "ઁˆગ", "ઁˆજ", "ઁˆડ", "ઁˆદ", "ઁˆબ"
      },
      .otherDiacritics = {
        2332, 2337, 2342, 2347, // "ઁ", "ં", "ઃ", "ઃʼ"
      },
      .symbols = {
        2354, 2359, 2364, 2369, 2374, 2379, 2384, 2389, 2394, 2399, // "૦", "૧", "૨", "૩", "૪", "૫", "૬", "૭", "૮", "૯"
        2404, 584, 589, // "ૐ", "।", "॥"
      },
      .vedicSymbols = {
        2409, 599, 604, // "ઽ", "ꣳ", "ꣴ"
      },
    },
    .aliases = {3, 0},
    .equivalents = {20, 0},
    .languages = {1, 0},
  },
  ScriptMetadataRecord{
    .name = 3058, // "gurmukhi"
    .type = ScriptType::Indic,
    .flags = ScriptMetadataFlagVedic,
    .characters = {
      .vowels = {
        2424, 2429, 2434, 2439, 2444, 2449, 2454, 2464, 2474, 2484, // "ਅ", "ਆ", "ਇ", "ਈ", "ਉ", "ਊ", "ਰੁʼ", "ਰੂʼ", "ਲੁʼ", "ਲੂʼ"
        2494, 2502, 2507, 2512, 2520, 2525, 2494, 2530, 2537, // "ਏ᳴", "ਏ", "ਐ", "ਓ᳴", "ਓ", "ਔ", "ਏ᳴", "ਏˇ", "ਆ᳴"
      },
      .vowelMarks = {
        2545, 2550, 2555, 2560, 2565, 2570, 2575, 2588, 2601, 2614, // "੍", "ਾ", "ਿ", "ੀ", "ੁ", "ੂ", "੍ਰੁʼ", "੍ਰੂʼ", "੍ਲੁʼ", "੍ਲੂʼ"
        2627, 2635, 2640, 2645, 2653, 2658, 2627, 2663, 2670, // "ੇ᳴", "ੇ", "ੈ", "ੋ᳴", "ੋ", "ੌ", "ੇ᳴", "ੇˇ", "ਾ᳴"
      },
      .consonants = {
        2678, 2683, 2688, 2693, 2698, 2703, 2708, 2713, 2718, 2723, // "ਕ", "ਖ", "ਗ", "ਘ", "ਙ", "ਚ", "ਛ", "ਜ", "ਝ", "ਞ"
        2728, 2733, 2738, 2743, 2748, 2753, 2758, 2763, 2768, 2773, // "ਟ", "ਠ", "ਡ", "ਢ", "ਣ", "ਤ", "ਥ", "ਦ", "ਧ", "ਨ"
        2778, 2783, 2788, 2793, 2798, 2803, 2808, 2813, 2818, 2823, // "ਪ", "ਫ", "ਬ", "ਭ", "ਮ", "ਯ", "ਰ", "ਲ", "ਵ", "ਸ਼"
        2828, 2836, 2841, 2846, 2851, 2859, 2867, 2875, 2883, 2888, // "ਸ਼਼", "ਸ", "ਹ", "ਲ਼", "ਲ਼਼", "ਰ਼", "ਨ਼", "ਕ਼", "ਖ਼", "ਗ਼"
        2893, 2898, 2903, 2911, 2916, 2924, 2934, 2944, 2954, 2964, // "ਜ਼", "ੜ", "ਢ਼", "ਫ਼", "ਯ਼", "ਁˆਗ", "ਁˆਜ", "ਁˆਡ", "ਁˆਦ", "ਁˆਬ"
      },
      .otherDiacritics = {
        2974, 2979, 2984, 2989, // "ਁ", "ਂ", "ਃ", "ਃʼ"
      },
      .symbols = {
        2996, 3001, 3006, 3011, 3016, 3021, 3026, 3031, 3036, 3041, // "੦", "੧", "੨", "੩", "੪", "੫", "੬", "੭", "੮", "੯"
        3046, 584, 589, // "ੴ", "।", "॥"
      },
      .vedicSymbols = {
        3051, 599, 604, // "(ਅ)", "ꣳ", "ꣴ"
      },
    },
    .aliases = {3, 1},
    .equivalents = {20, 1},
    .languages = {1, 0},
  },
  ScriptMetadataRecord{
    .name = 3379, // "hk"
    .type = ScriptType::Latin,
    .flags = 0,
    .characters = {
      .vowels = {
        3068, 3071, 3074, 3077, 3080, 3083, 3086, 3089, 3093, 3097, // "a", "A", "i", "I", "u", "U", "R", "RR", "lR", "lRR"
        3102, 3105, 3108, 3112, 3115, 3118, 3122, 3126, 3130, // "E", "e", "ai", "O", "o", "au", "aE", "AE", "aO"
      },
      .vowelMarks = {
        3134, 3071, 3074, 3077, 3080, 3083, 3086, 3089, 3093, 3097, // "", "A", "i", "I", "u", "U", "R", "RR", "lR", "lRR"
        3102, 3105, 3108, 3112, 3115, 3118, 3122, 3126, 3130, // "E", "e", "ai", "O", "o", "au", "aE", "AE", "aO"
      },
      .consonants = {
        3136, 3139, 3143, 3146, 3150, 3153, 3156, 3160, 3163, 3167, // "k", "kh", "g", "gh", "G", "c", "ch", "j", "jh", "J"
        3170, 3173, 3177, 3180, 3184, 3187, 3190, 3194, 3197, 3201, // "T", "Th", "D", "Dh", "N", "t", "th", "d", "dh", "n"
        3204, 3207, 3211, 3214, 3218, 3221, 3224, 3227, 3230, 3233, // "p", "ph", "b", "bh", "m", "y", "r", "l", "v", "z"
        3236, 3239, 3242, 3245, 3248, 3251, 3255, 3259, 3262, 3266, // "S", "s", "h", "L", "Z", "r2", "n2", "q", "qh", "g2"
        3270, 3274, 3278, 3283, 3286, 3289, 3294, 3299, 3304, 3309, // "z2", "r3", "r3h", "f", "Y", "n*g", "n*j", "n*D", "n*d", "m*b"
      },
      .otherDiacritics = {
        3314, 3317, 3320, 3323, // "~", "M", "H", "K"
      },
      .symbols = {
        3326, 3329, 3332, 3335, 3338, 3341, 3344, 3347, 3350, 3353, // "0", "1", "2", "3", "4", "5", "6", "7", "8", "9"
        3356, 3360, 3363, // "oM", ".", ".."
      },
      .vedicSymbols = {
        1244, 3367, 3372, // "'", "gͫ", "gͫ̄"
      },
    },
    .aliases = {4, 0},
    .equivalents = {21, 2},
    .languages = {1, 0},
  },
  ScriptMetadataRecord{
    .name = 3584, // "iast"
    .type = ScriptType::Latin,
    .flags = 0,
    .characters = {
      .vowels = {
        3068, 3383, 3074, 3387, 3080, 3391, 3395, 3400, 3405, 3410, // "a", "ā", "i", "ī", "u", "ū", "ṛ", "ṝ", "ḷ", "ḹ"
        3415, 3105, 3108, 3419, 3115, 3118, 3423, 3427, 3431, // "ĕ", "e", "ai", "ŏ", "o", "au", "æ", "ǣ", "ô"
      },
      .vowelMarks = {
        3134, 3383, 3074, 3387, 3080, 3391, 3395, 3400, 3405, 3410, // "", "ā", "i", "ī", "u", "ū", "ṛ", "ṝ", "ḷ", "ḹ"
        3415, 3105, 3108, 3419, 3115, 3118, 3423, 3427, 3431, // "ĕ", "e", "ai", "ŏ", "o", "au", "æ", "ǣ", "ô"
      },
      .consonants = {
        3136, 3139, 3143, 3146, 3435, 3153, 3156, 3160, 3163, 3440, // "k", "kh", "g", "gh", "ṅ", "c", "ch", "j", "jh", "ñ"
        3444, 3449, 3455, 3460, 3466, 3187, 3190, 3194, 3197, 3201, // "ṭ", "ṭh", "ḍ", "ḍh", "ṇ", "t", "th", "d", "dh", "n"
        3204, 3207, 3211, 3214, 3218, 3221, 3224, 3227, 3230, 3471, // "p", "ph", "b", "bh", "m", "y", "r", "l", "v", "ś"
        3475, 3239, 3242, 3480, 3485, 3490, 3495, 3259, 3500, 3506, // "ṣ", "s", "h", "l̤", "ḻ", "ṟ", "ṉ", "q", "k͟h", "ġ"
        3233, 3510, 3515, 3283, 3521, 3526, 3532, 3538, 3546, 3552, // "z", "r̤", "r̤h", "f", "ẏ", "n̆g", "n̆j", "n̆ḍ", "n̆d", "m̆b"
      },
      .otherDiacritics = {
        3558, 3563, 3568, 3573, // "m̐", "ṃ", "ḥ", "ḵ"
      },
      .symbols = {
        3326, 3329, 3332, 3335, 3338, 3341, 3344, 3347, 3350, 3353, // "0", "1", "2", "3", "4", "5", "6", "7", "8", "9"
        3578, 3360, 3363, // "oṃ", ".", ".."
      },
      .vedicSymbols = {
        1244, 3367, 3372, // "'", "gͫ", "gͫ̄"
      },
    },
    .aliases = {4, 0},
    .equivalents = {23, 78},
    .languages = {1, 0},
  },
  ScriptMetadataRecord{
    .name = 3897, // "ipa"
    .type = ScriptType::Latin,
    .flags = 0,
    .characters = {
      .vowels = {
        3590, 3594, 3600, 3604, 3080, 3609, 3614, 3620, 3628, 3633, // "ə", "ɑː", "ɪ", "iː", "u", "uː", "ɾɨ", "ɾɨː", "lɨ", "lɨː"
        3105, 3640, 3645, 3115, 3651, 3656, 3423, 3661, 3667, // "e", "eː", "əɪ", "o", "oː", "əu", "æ", "æː", "ɔ"
      },
      .vowelMarks = {
        3134, 3594, 3600, 3604, 3080, 3609, 3614, 3620, 3628, 3633, // "", "ɑː", "ɪ", "iː", "u", "uː", "ɾɨ", "ɾɨː", "lɨ", "lɨː"
        3105, 3640, 3645, 3115, 3651, 3656, 3423, 3661, 3667, // "e", "eː", "əɪ", "o", "oː", "əu", "æ", "æː", "ɔ"
      },
      .consonants = {
        3136, 3671, 3143, 3676, 3681, 3685, 3692, 3701, 3708, 3717, // "k", "kʰ", "g", "gʰ", "ŋ", "t͡ʃ", "t͡ʃʰ", "d͡ʒ", "d͡ʒʰ", "ɲ"
        3721, 3725, 3731, 3735, 3741, 3745, 3750, 3757, 3762, 3769, // "ʈ", "ʈʰ", "ɖ", "ɖʰ", "ɳ", "t̪", "t̪ʰ", "d̪", "d̪ʰ", "n̪"
        3204, 3774, 3211, 3779, 3218, 3160, 3784, 3227, 3788, 3792, // "p", "pʰ", "b", "bʰ", "m", "j", "ɾ", "l", "ʋ", "ʃ"
        3796, 3800, 3805, 3809, 3813, 3224, 3201, 3259, 3817, 3820, // "ʂ", "s̪", "ɦ", "ɭ", "ɻ", "r", "n", "q", "x", "ɣ"
        3233, 3824, 3828, 3283, 3521, 3834, 3841, 3851, 3858, 3864, // "z", "ɽ", "ɽʰ", "f", "ẏ", "ᵑɡ", "ᶮd͡ʒ", "ᶯɖ", "ⁿd", "ᵐb"
      },
      .otherDiacritics = {
        3870, 3876, 3242, 3880, // "̃ʽ", "̃", "h", "xʽ"
      },
      .symbols = {
        3326, 3329, 3332, 3335, 3338, 3341, 3344, 3347, 3350, 3353, // "0", "1", "2", "3", "4", "5", "6", "7", "8", "9"
        3885, 3360, 3363, // "oːm", ".", ".."
      },
      .vedicSymbols = {
        3891, 3367, 3372, // "ə̸", "gͫ", "gͫ̄"
      },
    },
    .aliases = {4, 0},
    .equivalents = {101, 69},
    .languages = {1, 0},
  },
  ScriptMetadataRecord{
    .name = 3957, // "iso"
    .type = ScriptType::Latin,
    .flags = 0,
    .characters = {
      .vowels = {
        3068, 3383, 3074, 3387, 3080, 3391, 3902, 3907, 3914, 3919, // "a", "ā", "i", "ī", "u", "ū", "r̥", "r̥̄", "l̥", "l̥̄"
        3105, 3926, 3108, 3115, 3930, 3118, 3423, 3427, 3431, // "e", "ē", "ai", "o", "ō", "au", "æ", "ǣ", "ô"
      },
      .vowelMarks = {
        3134, 3383, 3074, 3387, 3080, 3391, 3902, 3907, 3914, 3919, // "", "ā", "i", "ī", "u", "ū", "r̥", "r̥̄", "l̥", "l̥̄"
        3105, 3926, 3108, 3115, 3930, 3118, 3423, 3427, 3431, // "e", "ē", "ai", "o", "ō", "au", "æ", "ǣ", "ô"
      },
      .consonants = {
        3136, 3139, 3143, 3146, 3435, 3153, 3156, 3160, 3163, 3440, // "k", "kh", "g", "gh", "ṅ", "c", "ch", "j", "jh", "ñ"
        3444, 3449, 3455, 3460, 3466, 3187, 3190, 3194, 3197, 3201, // "ṭ", "ṭh", "ḍ", "ḍh", "ṇ", "t", "th", "d", "dh", "n"
        3204, 3207, 3211, 3214, 3218, 3221, 3224, 3227, 3230, 3471, // "p", "ph", "b", "bh", "m", "y", "r", "l", "v", "ś"
        3475, 3239, 3242, 3405, 3485, 3490, 3495, 3259, 3500, 3506, // "ṣ", "s", "h", "ḷ", "ḻ", "ṟ", "ṉ", "q", "k͟h", "ġ"
        3233, 3395, 3934, 3283, 3521, 3526, 3532, 3538, 3546, 3552, // "z", "ṛ", "ṛh", "f", "ẏ", "n̆g", "n̆j", "n̆ḍ", "n̆d", "m̆b"
      },
      .otherDiacritics = {
        3558, 3940, 3568, 3573, // "m̐", "ṁ", "ḥ", "ḵ"
      },
      .symbols = {
        3326, 3329, 3332, 3335, 3338, 3341, 3344, 3347, 3350, 3353, // "0", "1", "2", "3", "4", "5", "6", "7", "8", "9"
        3945, 3360, 3363, // "ōṁ", ".", ".."
      },
      .vedicSymbols = {
        3952, 3367, 3372, // "’", "gͫ", "gͫ̄"
      },
    },
    .aliases = {4, 0},
    .equivalents = {170, 78},
    .languages = {1, 0},
  },
  ScriptMetadataRecord{
    .name = 4082, // "itrans"
    .type = ScriptType::Latin,
    .flags = 0,
    .characters = {
      .vowels = {
        3068, 3962, 3074, 3966, 3080, 3970, 3974, 3979, 3984, 3989, // "a", "aa", "i", "ee", "u", "uu", "R^i", "R^I", "L^i", "L^I"
        3994, 3105, 3108, 3998, 3115, 3118, 4002, 4007, 4012, // "^e", "e", "ai", "^o", "o", "au", "e.c", "a.C", "A.c"
      },
      .vowelMarks = {
        3134, 3962, 3074, 3966, 3080, 3970, 3974, 3979, 3984, 3989, // "", "aa", "i", "ee", "u", "uu", "R^i", "R^I", "L^i", "L^I"
        3994, 3105, 3108, 3998, 3115, 3118, 4002, 4007, 4012, // "^e", "e", "ai", "^o", "o", "au", "e.c", "a.C", "A.c"
      },
      .consonants = {
        3136, 3139, 3143, 3146, 4017, 3156, 4021, 3160, 3163, 4026, // "k", "kh", "g", "gh", "~N", "ch", "chh", "j", "jh", "~n"
        3170, 3173, 3177, 3180, 3184, 3187, 3190, 3194, 3197, 3201, // "T", "Th", "D", "Dh", "N", "t", "th", "d", "dh", "n"
        3204, 3207, 3211, 3214, 3218, 3221, 3224, 3227, 3230, 4030, // "p", "ph", "b", "bh", "m", "y", "r", "l", "v", "sh"
        4034, 3239, 3242, 3245, 4038, 3086, 4042, 3259, 3323, 3150, // "Sh", "s", "h", "L", "zh", "R", "^n", "q", "K", "G"
        3233, 4046, 4050, 3283, 3286, 3289, 3294, 3299, 3304, 3309, // "z", ".D", ".Dh", "f", "Y", "n*g", "n*j", "n*D", "n*d", "m*b"
      },
      .otherDiacritics = {
        4055, 3317, 3320, 4059, // ".N", "M", "H", "K^"
      },
      .symbols = {
        3326, 3329, 3332, 3335, 3338, 3341, 3344, 3347, 3350, 3353, // "0", "1", "2", "3", "4", "5", "6", "7", "8", "9"
        4063, 3360, 3363, // "OM", ".", ".."
      },
      .vedicSymbols = {
        4067, 4071, 4076, // ".a", "gum", "ggum"
      },
    },
    .aliases = {4, 0},
    .equivalents = {248, 22},
    .languages = {1, 0},
  },
  ScriptMetadataRecord{
    .name = 4683, // "kannada"
    .type = ScriptType::Indic,
    .flags = ScriptMetadataFlagVedic,
    .characters = {
      .vowels = {
        4090, 4095, 4100, 4105, 4110, 4115, 4120, 4125, 4130, 4135, // "ಅ", "ಆ", "ಇ", "ಈ", "ಉ", "ಊ", "ಋ", "ೠ", "ಌ", "ೡ"
        4140, 4145, 4150, 4155, 4160, 4165, 4170, 4178, 4185, // "ಎ", "ಏ", "ಐ", "ಒ", "ಓ", "ಔ", "ಎ᳴", "ಏˇ", "ಆ᳴"
      },
      .vowelMarks = {
        4193, 4198, 4203, 4208, 4213, 4218, 4223, 4228, 4233, 4238, // "್", "ಾ", "ಿ", "ೀ", "ು", "ೂ", "ೃ", "ೄ", "ೢ", "ೣ"
        4243, 4248, 4253, 4258, 4263, 4268, 4273, 4281, 4288, // "ೆ", "ೇ", "ೈ", "ೊ", "ೋ", "ೌ", "ೆ᳴", "ೇˇ", "ಾ᳴"
      },
      .consonants = {
        4296, 4301, 4306, 4311, 4316, 4321, 4326, 4331, 4336, 4341, // "ಕ", "ಖ", "ಗ", "ಘ", "ಙ", "ಚ", "ಛ", "ಜ", "ಝ", "ಞ"
        4346, 4351, 4356, 4361, 4366, 4371, 4376, 4381, 4386, 4391, // "ಟ", "ಠ", "ಡ", "ಢ", "ಣ", "ತ", "ಥ", "ದ", "ಧ", "ನ"
        4396, 4401, 4406, 4411, 4416, 4421, 4426, 4431, 4436, 4441, // "ಪ", "ಫ", "ಬ", "ಭ", "ಮ", "ಯ", "ರ", "ಲ", "ವ", "ಶ"
        4446, 4451, 4456, 4461, 4466, 4471, 4476, 4484, 4492, 4500, // "ಷ", "ಸ", "ಹ", "ಳ", "ೞ", "ಱ", "ನ಼", "ಕ಼", "ಖ಼", "ಗ಼"
        4508, 4516, 4524, 4532, 4540, 4548, 4558, 4568, 4578, 4588, // "ಜ಼", "ಡ಼", "ಢ಼", "ಫ಼", "ಯ಼", "ಂˆಗ", "ಂˆಜ", "ಂˆಡ", "ಂˆದ", "ಂˆಬ"
      },
      .otherDiacritics = {
        4598, 4603, 4608, 4613, // "ಁ", "ಂ", "ಃ", "ಃʼ"
      },
      .symbols = {
        4620, 4625, 4630, 4635, 4640, 4645, 4650, 4655, 4660, 4665, // "೦", "೧", "೨", "೩", "೪", "೫", "೬", "೭", "೮", "೯"
        4670, 584, 589, // "ಓಂ", "।", "॥"
      },
      .vedicSymbols = {
        4678, 599, 604, // "ಽ", "ꣳ", "ꣴ"
      },
    },
    .aliases = {4, 0},
    .equivalents = {270, 2},
    .languages = {1, 0},
  },
  ScriptMetadataRecord{
    .name = 5286, // "khmer"
    .type = ScriptType::Indic,
    .flags = 0,
    .characters = {
      .vowels = {
        4692, 4697, 4705, 4710, 4715, 4720, 4725, 4730, 4735, 4740, // "អ", "អា", "ឥ", "ឦ", "ឧ", "ឩ", "ឫ", "ឬ", "ឭ", "ឮ"
        4745, 4752, 4757, 4762, 4769, 4774, 4745, 4745, 4779, // "ឯʽ", "ឯ", "ឰ", "ឱʽ", "ឱ", "ឳ", "ឯʽ", "ឯʽ", "អាʽ"
      },
      .vowelMarks = {
        4789, 4794, 4799, 4804, 4809, 4814, 4819, 4827, 4835, 4843, // "៑", "ា", "ិ", "ី", "ុ", "ូ", "្ឫ", "្ឬ", "្ឭ", "្ឮ"
        4851, 4858, 4863, 4868, 4875, 4880, 4851, 4851, 4885, // "េʽ", "េ", "ៃ", "ោʽ", "ោ", "ៅ", "េʽ", "េʽ", "ាʽ"
      },
      .consonants = {
        4892, 4897, 4902, 4907, 4912, 4917, 4922, 4927, 4932, 4937, // "ក", "ខ", "គ", "ឃ", "ង", "ច", "ឆ", "ជ", "ឈ", "ញ"
        4942, 4947, 4952, 4957, 4962, 4967, 4972, 4977, 4982, 4987, // "ដ", "ឋ", "ឌ", "ឍ", "ណ", "ត", "ថ", "ទ", "ធ", "ន"
        4992, 4997, 5002, 5007, 5012, 5017, 5022, 5027, 5032, 5037, // "ប", "ផ", "ព", "ភ", "ម", "យ", "រ", "ល", "វ", "ឝ"
        5042, 5047, 5052, 5057, 5062, 5069, 5076, 5083, 5090, 5097, // "ឞ", "ស", "ហ", "ឡ", "ឡʽ", "រʽ", "នʽ", "កʽ", "ខʽ", "គʽ"
        5104, 5111, 5118, 5125, 5132, 5139, 5149, 5159, 5169, 5179, // "ជʽ", "ឌʽ", "ឍʽ", "ផʽ", "យʽ", "ំគʽ", "ំជʽ", "ំឌʽ", "ំទʽ", "ំពʽ"
      },
      .otherDiacritics = {
        5189, 5196, 5201, 5206, // "ំʽ", "ំ", "ះ", "ះʽ"
      },
      .symbols = {
        5213, 5218, 5223, 5228, 5233, 5238, 5243, 5248, 5253, 5258, // "០", "១", "២", "៣", "៤", "៥", "៦", "៧", "៨", "៩"
        5263, 5271, 5276, // "ឱំ", "។", "៕"
      },
      .vedicSymbols = {
        5281, 599, 604, // "ៜ", "ꣳ", "ꣴ"
      },
    },
    .aliases = {4, 0},
    .equivalents = {272, 0},
    .languages = {1, 0},
  },
  ScriptMetadataRecord{
    .name = 5875, // "malayalam"
    .type = ScriptType::Indic,
    .flags = ScriptMetadataFlagVedic,
    .characters = {
      .vowels = {
        5293, 5298, 5303, 5308, 5313, 5318, 5323, 5328, 5333, 5338, // "അ", "ആ", "ഇ", "ഈ", "ഉ", "ഊ", "ഋ", "ൠ", "ഌ", "ൡ"
        5343, 5348, 5353, 5358, 5363, 5368, 5373, 5381, 5388, // "എ", "ഏ", "ഐ", "ഒ", "ഓ", "ഔ", "എ᳴", "ഏˇ", "ആ᳴"
      },
      .vowelMarks = {
        5396, 5401, 5406, 5411, 5416, 5421, 5426, 5431, 5436, 5441, // "്", "ാ", "ി", "ീ", "ു", "ൂ", "ൃ", "ൄ", "ൢ", "ൣ"
        5446, 5451, 5456, 5461, 5466, 5471, 5476, 5484, 5491, // "െ", "േ", "ൈ", "ൊ", "ോ", "ൗ", "െ᳴", "േˇ", "ാ᳴"
      },
      .consonants = {
        5499, 5504, 5509, 5514, 5519, 5524, 5529, 5534, 5539, 5544, // "ക", "ഖ", "ഗ", "ഘ", "ങ", "ച", "ഛ", "ജ", "ഝ", "ഞ"
        5549, 5554, 5559, 5564, 5569, 5574, 5579, 5584, 5589, 5594, // "ട", "ഠ", "ഡ", "ഢ", "ണ", "ത", "ഥ", "ദ", "ധ", "ന"
        5599, 5604, 5609, 5614, 5619, 5624, 5629, 5634, 5639, 5644, // "പ", "ഫ", "ബ", "ഭ", "മ", "യ", "ര", "ല", "വ", "ശ"
        5649, 5654, 5659, 5664, 5669, 5674, 5679, 5684, 5691, 5698, // "ഷ", "സ", "ഹ", "ള", "ഴ", "റ", "ഩ", "ക·", "ഖ·", "ഗ·"
        5705, 5712, 5719, 5726, 5733, 5740, 5750, 5760, 5770, 5780, // "ജ·", "ഡ·", "ഢ·", "ഫ·", "യ·", "ംˆഗ", "ംˆജ", "ംˆഡ", "ംˆദ", "ംˆബ"
      },
      .otherDiacritics = {
        5790, 5795, 5800, 5805, // "ഁ", "ം", "ഃ", "ഃʼ"
      },
      .symbols = {
        5812, 5817, 5822, 5827, 5832, 5837, 5842, 5847, 5852, 5857, // "൦", "൧", "൨", "൩", "൪", "൫", "൬", "൭", "൮", "൯"
        5862, 584, 589, // "ഓം", "।", "॥"
      },
      .vedicSymbols = {
        5870, 599, 604, // "ഽ", "ꣳ", "ꣴ"
      },
    },
    .aliases = {4, 0},
    .equivalents = {272, 11},
    .languages = {1, 0},
  },
  ScriptMetadataRecord{
    .name = 6472, // "oriya"
    .type = ScriptType::Indic,
    .flags = ScriptMetadataFlagVedic,
    .characters = {
      .vowels = {
        5886, 5891, 5896, 5901, 5906, 5911, 5916, 5921, 5926, 5931, // "ଅ", "ଆ", "ଇ", "ଈ", "ଉ", "ଊ", "ଋ", "ୠ", "ଌ", "ୡ"
        5936, 5944, 5949, 5954, 5962, 5967, 5936, 5972, 5979, // "ଏ᳴", "ଏ", "ଐ", "ଓ᳴", "ଓ", "ଔ", "ଏ᳴", "ଏˇ", "ଆ᳴"
      },
      .vowelMarks = {
        5987, 5992, 5997, 6002, 6007, 6012, 6017, 6022, 6027, 6032, // "୍", "ା", "ି", "ୀ", "ୁ", "ୂ", "ୃ", "ୄ", "ୢ", "ୣ"
        6037, 6045, 6050, 6055, 6063, 6068, 6037, 6073, 6080, // "େ᳴", "େ", "ୈ", "ୋ᳴", "ୋ", "ୌ", "େ᳴", "େˇ", "ା᳴"
      },
      .consonants = {
        6088, 6093, 6098, 6103, 6108, 6113, 6118, 6123, 6128, 6133, // "କ", "ଖ", "ଗ", "ଘ", "ଙ", "ଚ", "ଛ", "ଜ", "ଝ", "ଞ"
        6138, 6143, 6148, 6153, 6158, 6163, 6168, 6173, 6178, 6183, // "ଟ", "ଠ", "ଡ", "ଢ", "ଣ", "ତ", "ଥ", "ଦ", "ଧ", "ନ"
        6188, 6193, 6198, 6203, 6208, 6213, 6218, 6223, 6228, 6233, // "ପ", "ଫ", "ବ", "ଭ", "ମ", "ଯ", "ର", "ଲ", "ୱ", "ଶ"
        6238, 6243, 6248, 6253, 6258, 6266, 6274, 6282, 6290, 6298, // "ଷ", "ସ", "ହ", "ଳ", "ଳ଼", "ର଼", "ନ଼", "କ଼", "ଖ଼", "ଗ଼"
        6306, 6314, 6319, 6324, 6332, 6337, 6347, 6357, 6367, 6377, // "ଜ଼", "ଡ଼", "ଢ଼", "ଫ଼", "ୟ", "ଁˆଗ", "ଁˆଜ", "ଁˆଡ", "ଁˆଦ", "ଁˆବ"
      },
      .otherDiacritics = {
        6387, 6392, 6397, 6402, // "ଁ", "ଂ", "ଃ", "ଃʼ"
      },
      .symbols = {
        6409, 6414, 6419, 6424, 6429, 6434, 6439, 6444, 6449, 6454, // "୦", "୧", "୨", "୩", "୪", "୫", "୬", "୭", "୮", "୯"
        6459, 584, 589, // "ଓଁ", "।", "॥"
      },
      .vedicSymbols = {
        6467, 599, 604, // "ଽ", "ꣳ", "ꣴ"
      },
    },
    .aliases = {4, 1},
    .equivalents = {283, 1},
    .languages = {1, 0},
  },
  ScriptMetadataRecord{
    .name = 6547, // "readableLatin"
    .type = ScriptType::Latin,
    .flags = 0,
    .characters = {
      .vowels = {
        3068, 3962, 3074, 3966, 3080, 6479, 3902, 3902, 3914, 3914, // "a", "aa", "i", "ee", "u", "oo", "r̥", "r̥", "l̥", "l̥"
        3105, 3102, 3108, 3115, 3112, 3118, 6483, 6488, 6493, // "e", "E", "ai", "o", "O", "au", "ă", "̆e", "̆o"
      },
      .vowelMarks = {
        3134, 3962, 3074, 3966, 3080, 6479, 3902, 3902, 3914, 3914, // "", "aa", "i", "ee", "u", "oo", "r̥", "r̥", "l̥", "l̥"
        3105, 3102, 3108, 3115, 3112, 3118, 6483, 6488, 6493, // "e", "E", "ai", "o", "O", "au", "ă", "̆e", "̆o"
      },
      .consonants = {
        3136, 3139, 3143, 3146, 3201, 3156, 6498, 3160, 3163, 3201, // "k", "kh", "g", "gh", "n", "ch", "CH", "j", "jh", "n"
        3170, 6502, 3177, 6506, 3184, 3187, 3190, 3194, 3197, 3201, // "T", "TH", "D", "DH", "N", "t", "th", "d", "dh", "n"
        3204, 3207, 3211, 3214, 3218, 3221, 3224, 3227, 3230, 4030, // "p", "ph", "b", "bh", "m", "y", "r", "l", "v", "sh"
        4030, 3239, 3242, 3245, 4038, 3086, 3201, 3259, 3262, 3146, // "sh", "s", "h", "L", "zh", "R", "n", "q", "qh", "gh"
        3233, 3177, 3180, 3283, 3221, 6510, 6514, 6518, 6522, 6526, // "z", "D", "Dh", "f", "y", "ng", "nj", "nD", "nd", "mb"
      },
      .otherDiacritics = {
        6530, 6530, 6535, 6535, // "nͫ", "nͫ", "h̥", "h̥"
      },
      .symbols = {
        3326, 3329, 3332, 3335, 3338, 3341, 3344, 3347, 3350, 3353, // "0", "1", "2", "3", "4", "5", "6", "7", "8", "9"
        4063, 6540, 6543, // "OM", "!", "!!"
      },
      .vedicSymbols = {
        3314, 4071, 4071, // "~", "gum", "gum"
      },
    },
    .aliases = {5, 0},
    .equivalents = {284, 2},
    .languages = {1, 0},
  },
  ScriptMetadataRecord{
    .name = 7117, // "sinhala"
    .type = ScriptType::Indic,
    .flags = 0,
    .characters = {
      .vowels = {
        6562, 6567, 6572, 6577, 6582, 6587, 6592, 6597, 6602, 6607, // "අ", "ආ", "ඉ", "ඊ", "උ", "ඌ", "ඍ", "ඎ", "ඏ", "ඐ"
        6612, 6617, 6622, 6627, 6632, 6637, 6642, 6647, 6652, // "එ", "ඒ", "ඓ", "ඔ", "ඕ", "ඖ", "ඇ", "ඈ", "ආ᳴"
      },
      .vowelMarks = {
        6660, 6665, 6670, 6675, 6680, 6685, 6690, 6695, 6700, 6705, // "්", "ා", "ි", "ී", "ු", "ූ", "ෘ", "ෲ", "ෟ", "ෳ"
        6710, 6715, 6720, 6725, 6730, 6735, 6740, 6745, 6750, // "ෙ", "ේ", "ෛ", "ො", "ෝ", "ෞ", "ැ", "ෑ", "ා᳴"
      },
      .consonants = {
        6758, 6763, 6768, 6773, 6778, 6783, 6788, 6793, 6798, 6803, // "ක", "ඛ", "ග", "ඝ", "ඞ", "ච", "ඡ", "ජ", "ඣ", "ඤ"
        6808, 6813, 6818, 6823, 6828, 6833, 6838, 6843, 6848, 6853, // "ට", "ඨ", "ඩ", "ඪ", "ණ", "ත", "ථ", "ද", "ධ", "න"
        6858, 6863, 6868, 6873, 6878, 6883, 6888, 6893, 6898, 6903, // "ප", "ඵ", "බ", "භ", "ම", "ය", "ර", "ල", "ව", "ශ"
        6908, 6913, 6918, 6923, 6928, 6935, 6942, 6949, 6956, 6963, // "ෂ", "ස", "හ", "ළ", "ළ·", "ර·", "න·", "ක·", "ඛ·", "ග·"
        6970, 6977, 6984, 6991, 6996, 7003, 7008, 7013, 7018, 7023, // "ජ·", "ඩ·", "ඪ·", "ෆ", "ය·", "ඟ", "ඦ", "ඬ", "ඳ", "ඹ"
      },
      .otherDiacritics = {
        7028, 7035, 7040, 7045, // "ංʼ", "ං", "ඃ", "ඃʼ"
      },
      .symbols = {
        7052, 7057, 7062, 7067, 7072, 7077, 7082, 7087, 7092, 7097, // "෦", "෧", "෨", "෩", "෪", "෫", "෬", "෭", "෮", "෯"
        7102, 584, 589, // "ඕං", "।", "॥"
      },
      .vedicSymbols = {
        7110, 599, 604, // "(අ)", "ꣳ", "ꣴ"
      },
    },
    .aliases = {5, 0},
    .equivalents = {286, 1},
    .languages = {1, 0},
  },
  ScriptMetadataRecord{
    .name = 7211, // "slp1"
    .type = ScriptType::Latin,
    .flags = 0,
    .characters = {
      .vowels = {
        3068, 3071, 3074, 3077, 3080, 3083, 3283, 7126, 3817, 7129, // "a", "A", "i", "I", "u", "U", "f", "F", "x", "X"
        7132, 3105, 3102, 7136, 3115, 3112, 7140, 7144, 7148, // "e1", "e", "E", "o1", "o", "O", "e2", "e4", "o2"
      },
      .vowelMarks = {
        3134, 3071, 3074, 3077, 3080, 3083, 3283, 7126, 3817, 7129, // "", "A", "i", "I", "u", "U", "f", "F", "x", "X"
        7132, 3105, 3102, 7136, 3115, 3112, 7140, 7144, 7148, // "e1", "e", "E", "o1", "o", "O", "e2", "e4", "o2"
      },
      .consonants = {
        3136, 3323, 3143, 3150, 3184, 3153, 7152, 3160, 3167, 3286, // "k", "K", "g", "G", "N", "c", "C", "j", "J", "Y"
        7155, 7158, 3259, 7161, 3086, 3187, 3170, 3194, 3177, 3201, // "w", "W", "q", "Q", "R", "t", "T", "d", "D", "n"
        3204, 7164, 3211, 7167, 3218, 3221, 3224, 3227, 3230, 3236, // "p", "P", "b", "B", "m", "y", "r", "l", "v", "S"
        3233, 3239, 3242, 3245, 7170, 3251, 3255, 7174, 7178, 7182, // "z", "s", "h", "L", "L0", "r2", "n2", "k0", "K0", "g0"
        7186, 7190, 7194, 7198, 7202, 3289, 3294, 7206, 3304, 3309, // "j0", "q0", "Q0", "P0", "Y0", "n*g", "n*j", "n*q", "n*d", "m*b"
      },
      .otherDiacritics = {
        3314, 3317, 3320, 3323, // "~", "M", "H", "K"
      },
      .symbols = {
        3326, 3329, 3332, 3335, 3338, 3341, 3344, 3347, 3350, 3353, // "0", "1", "2", "3", "4", "5", "6", "7", "8", "9"
        3356, 3360, 3363, // "oM", ".", ".."
      },
      .vedicSymbols = {
        1244, 3367, 3372, // "'", "gͫ", "gͫ̄"
      },
    },
    .aliases = {5, 0},
    .equivalents = {287, 2},
    .languages = {1, 0},
  },
  ScriptMetadataRecord{
    .name = 7930, // "tamil"
    .type = ScriptType::Tamil,
    .flags = 0,
    .characters = {
      .vowels = {
        7217, 7222, 7227, 7232, 7237, 7242, 7247, 7257, 7267, 7277, // "அ", "ஆ", "இ", "ஈ", "உ", "ஊ", "ருʼ", "ரூʼ", "லுʼ", "லூʼ"
        7287, 7292, 7297, 7302, 7307, 7312, 7317, 7324, 7331, // "எ", "ஏ", "ஐ", "ஒ", "ஓ", "ஔ", "எʼ", "ஏʼ", "ஆʼ"
      },
      .vowelMarks = {
        7338, 7343, 7348, 7353, 7358, 7363, 7368, 7381, 7394, 7407, // "்", "ா", "ி", "ீ", "ு", "ூ", "்ருʼ", "்ரூʼ", "்லுʼ", "்லூʼ"
        7420, 7425, 7430, 7435, 7440, 7445, 7450, 7458, 7466, // "ெ", "ே", "ை", "ொ", "ோ", "ௌ", "ெ᳴", "ே᳴", "ா᳴"
      },
      .consonants = {
        7474, 7479, 7486, 7493, 7501, 7506, 7511, 7518, 7523, 7530, // "க", "க²", "க³", "க⁴", "ங", "ச", "ச²", "ஜ", "ஜ²", "ஞ"
        7535, 7540, 7547, 7554, 7562, 7567, 7572, 7579, 7586, 7594, // "ட", "ட²", "ட³", "ட⁴", "ண", "த", "த²", "த³", "த⁴", "ந"
        7599, 7604, 7611, 7618, 7626, 7631, 7636, 7641, 7646, 7651, // "ப", "ப²", "ப³", "ப⁴", "ம", "ய", "ர", "ல", "வ", "ஶ"
        7656, 7661, 7666, 7671, 7676, 7681, 7686, 7691, 7699, 7709, // "ஷ", "ஸ", "ஹ", "ள", "ழ", "ற", "ன", "ஃக", "ஃக²", "ஃக³"
        7719, 7727, 7737, 7747, 7755, 7763, 7778, 7793, 7808, 7823, // "ஃஜ", "ஃட²", "ஃட³", "ஃப", "ஃய", "ங்ˆக³", "ஞ்ˆஜ³", "ண்ˆட³", "ந்ˆத³", "ம்ˆப³"
      },
      .otherDiacritics = {
        7838, 7848, 7858, 7863, // "ம்ˮ", "ம்ʼ", "꞉", "ஃ"
      },
      .symbols = {
        7868, 7873, 7878, 7883, 7888, 7893, 7898, 7903, 7908, 7913, // "௦", "௧", "௨", "௩", "௪", "௫", "௬", "௭", "௮", "௯"
        7918, 584, 589, // "ௐ", "।", "॥"
      },
      .vedicSymbols = {
        7923, 599, 604, // "(அ)", "ꣳ", "ꣴ"
      },
    },
    .aliases = {5, 0},
    .equivalents = {289, 4},
    .languages = {1, 0},
  },
  ScriptMetadataRecord{
    .name = 7961, // "tamilExtended"
    .type = ScriptType::Indic,
    .flags = ScriptMetadataFlagVedic,
    .characters = {
      .vowels = {
        5293, 5298, 5303, 5308, 5313, 5318, 5323, 5328, 5333, 5338, // "അ", "ആ", "ഇ", "ഈ", "ഉ", "ഊ", "ഋ", "ൠ", "ഌ", "ൡ"
        5343, 5348, 5353, 5358, 5363, 5368, 5373, 7937, 5388, // "എ", "ഏ", "ഐ", "ഒ", "ഓ", "ഔ", "എ᳴", "ഏ᳴", "ആ᳴"
      },
      .vowelMarks = {
        7945, 5401, 5406, 5411, 5416, 5421, 5426, 5431, 5436, 5441, // "്‌", "ാ", "ി", "ീ", "ു", "ൂ", "ൃ", "ൄ", "ൢ", "ൣ"
        5446, 5451, 5456, 5461, 5466, 5471, 5476, 7953, 5491, // "െ", "േ", "ൈ", "ൊ", "ോ", "ൗ", "െ᳴", "േ᳴", "ാ᳴"
      },
      .consonants = {
        5499, 5504, 5509, 5514, 5519, 5524, 5529, 5534, 5539, 5544, // "ക", "ഖ", "ഗ", "ഘ", "ങ", "ച", "ഛ", "ജ", "ഝ", "ഞ"
        5549, 5554, 5559, 5564, 5569, 5574, 5579, 5584, 5589, 5594, // "ട", "ഠ", "ഡ", "ഢ", "ണ", "ത", "ഥ", "ദ", "ധ", "ന"
        5599, 5604, 5609, 5614, 5619, 5624, 5629, 5634, 5639, 5644, // "പ", "ഫ", "ബ", "ഭ", "മ", "യ", "ര", "ല", "വ", "ശ"
        5649, 5654, 5659, 5664, 5669, 5674, 5679, 5684, 5691, 5698, // "ഷ", "സ", "ഹ", "ള", "ഴ", "റ", "ഩ", "ക·", "ഖ·", "ഗ·"
        5705, 5712, 5719, 5726, 5733, 5740, 5750, 5760, 5770, 5780, // "ജ·", "ഡ·", "ഢ·", "ഫ·", "യ·", "ംˆഗ", "ംˆജ", "ംˆഡ", "ംˆദ", "ംˆബ"
      },
      .otherDiacritics = {
        5790, 5795, 5800, 7863, // "ഁ", "ം", "ഃ", "ஃ"
      },
      .symbols = {
        7868, 7873, 7878, 7883, 7888, 7893, 7898, 7903, 7908, 7913, // "௦", "௧", "௨", "௩", "௪", "௫", "௬", "௭", "௮", "௯"
        7918, 584, 589, // "ௐ", "।", "॥"
      },
      .vedicSymbols = {
        5870, 599, 604, // "ഽ", "ꣳ", "ꣴ"
      },
    },
    .aliases = {5, 0},
    .equivalents = {293, 0},
    .languages = {1, 0},
  },
  ScriptMetadataRecord{
    .name = 8577, // "telugu"
    .type = ScriptType::Indic,
    .flags = ScriptMetadataFlagVedic,
    .characters = {
      .vowels = {
        7976, 7981, 7986, 7991, 7996, 8001, 8006, 8011, 8016, 8021, // "అ", "ఆ", "ఇ", "ఈ", "ఉ", "ఊ", "ఋ", "ౠ", "ఌ", "ౡ"
        8026, 8031, 8036, 8041, 8046, 8051, 8056, 8067, 8075, // "ఎ", "ఏ", "ఐ", "ఒ", "ఓ", "ఔ", "ఎ᳴​", "ఏ᳴", "ఒ᳴​"
      },
      .vowelMarks = {
        8086, 8091, 8096, 8101, 8106, 8111, 8116, 8121, 8126, 8131, // "్", "ా", "ి", "ీ", "ు", "ూ", "ృ", "ౄ", "ౢ", "ౣ"
        8136, 8141, 8146, 8151, 8156, 8161, 8166, 8177, 8188, // "ె", "ే", "ై", "ొ", "ో", "ౌ", "ె॒​", "ే॒​", "ొ॒​"
      },
      .consonants = {
        8199, 8204, 8209, 8214, 8219, 8224, 8229, 8234, 8239, 8244, // "క", "ఖ", "గ", "ఘ", "ఙ", "చ", "ఛ", "జ", "ఝ", "ఞ"
        8249, 8254, 8259, 8264, 8269, 8274, 8279, 8284, 8289, 8294, // "ట", "ఠ", "డ", "ఢ", "ణ", "త", "థ", "ద", "ధ", "న"
        8299, 8304, 8309, 8314, 8319, 8324, 8329, 8334, 8339, 8344, // "ప", "ఫ", "బ", "భ", "మ", "య", "ర", "ల", "వ", "శ"
        8349, 8354, 8359, 8364, 8369, 8374, 8379, 8386, 8393, 8400, // "ష", "స", "హ", "ళ", "ఴ", "ఱ", "న·", "క·", "ఖ·", "గ·"
        8407, 8414, 8421, 8428, 8435, 8442, 8452, 8462, 8472, 8482, // "జ·", "డ·", "ఢ·", "ఫ·", "య·", "ఁˆగ", "ఁˆజ", "ఁˆడ", "ఁˆద", "ఁˆబ"
      },
      .otherDiacritics = {
        8492, 8497, 8502, 8507, // "ఀ", "ం", "ః", "ఃʼ"
      },
      .symbols = {
        8514, 8519, 8524, 8529, 8534, 8539, 8544, 8549, 8554, 8559, // "౦", "౧", "౨", "౩", "౪", "౫", "౬", "౭", "౮", "౯"
        8564, 584, 589, // "ఓం", "।", "॥"
      },
      .vedicSymbols = {
        8572, 599, 604, // "ఽ", "ꣳ", "ꣴ"
      },
    },
    .aliases = {5, 0},
    .equivalents = {293, 1},
    .languages = {1, 0},
  },
  ScriptMetadataRecord{
    .name = 9266, // "thai"
    .type = ScriptType::Indic,
    .flags = 0,
    .characters = {
      .vowels = {
        8585, 8590, 8598, 8606, 8614, 8622, 8630, 8635, 8643, 8648, // "อ", "อา", "อิ", "อี", "อุ", "อู", "ฤ", "ฤๅ", "ฦ", "ฦๅ"
        8656, 8667, 8675, 8683, 8694, 8702, 8713, 8724, 8732, // "อเะ", "อเ", "อไ", "อโะ", "อโ", "อเา", "อแะ", "อแ", "อเาะ"
      },
      .vowelMarks = {
        8746, 8751, 8756, 8761, 8766, 8771, 8776, 8784, 8795, 8803, // "ฺ", "า", "ิ", "ี", "ุ", "ู", "ฺฤ", "ฺฤๅ", "ฺฦ", "ฺฦๅ"
        8814, 8822, 8827, 8832, 8840, 8845, 8853, 8861, 8866, // "เะ", "เ", "ไ", "โะ", "โ", "เา", "แะ", "แ", "เาะ"
      },
      .consonants = {
        8877, 8882, 8887, 8892, 8897, 8902, 8907, 8912, 8917, 8922, // "ก", "ข", "ค", "ฆ", "ง", "จ", "ฉ", "ช", "ฌ", "ญ"
        8927, 8932, 8937, 8942, 8947, 8952, 8957, 8962, 8967, 8972, // "ฏ", "ฐ", "ฑ", "ฒ", "ณ", "ต", "ถ", "ท", "ธ", "น"
        8977, 8982, 8987, 8992, 8997, 9002, 9007, 9012, 9017, 9022, // "ป", "ผ", "พ", "ภ", "ม", "ย", "ร", "ล", "ว", "ศ"
        9027, 9032, 9037, 9042, 9047, 9054, 9061, 9068, 9075, 9080, // "ษ", "ส", "ห", "ฬ", "ฬʽ", "รʽ", "นʽ", "กʽ", "ฃ", "ฅ"
        9085, 9054, 9090, 9103, 9108, 9115, 9125, 9135, 9145, 9155, // "ซ", "รʽ", "รฺหʽ", "ฟ", "ยʽ", "ํคʽ", "ํชʽ", "ํฑʽ", "ํทʽ", "ํพʽ"
      },
      .otherDiacritics = {
        9165, 9172, 9177, 9185, // "ํʽ", "ํ", "ห์", "ห์ʽ"
      },
      .symbols = {
        9195, 9200, 9205, 9210, 9215, 9220, 9225, 9230, 9235, 9240, // "๐", "๑", "๒", "๓", "๔", "๕", "๖", "๗", "๘", "๙"
        9245, 9256, 9261, // "โอํ", "ฯ", "๚"
      },
      .vedicSymbols = {
        1244, 599, 604, // "'", "ꣳ", "ꣴ"
      },
    },
    .aliases = {5, 0},
    .equivalents = {294, 0},
    .languages = {1, 0},
  },
  ScriptMetadataRecord{
    .name = 9938, // "tibetan"
    .type = ScriptType::Indic,
    .flags = 0,
    .characters = {
      .vowels = {
        9272, 9277, 9285, 9293, 9304, 9312, 9323, 9331, 9342, 9350, // "ཨ", "ཨཱ", "ཨི", "ཨཱི", "ཨུ", "ཨཱུ", "རྀ", "རཱྀ", "ལྀ", "ལཱྀ"
        9361, 9371, 9379, 9387, 9397, 9405, 9361, 9361, 9413, // "ཨེʽ", "ཨེ", "ཨཻ", "ཨོʽ", "ཨོ", "ཨཽ", "ཨེʽ", "ཨེʽ", "ཨཱʽ"
      },
      .vowelMarks = {
        9423, 9428, 9433, 9438, 9446, 9451, 9459, 9467, 9478, 9486, // "྄", "ཱ", "ི", "ཱི", "ུ", "ཱུ", "ྲྀ", "ྲཱྀ", "ླྀ", "ླཱྀ"
        9497, 9504, 9509, 9514, 9521, 9526, 9497, 9497, 9531, // "ེʽ", "ེ", "ཻ", "ོʽ", "ོ", "ཽ", "ེʽ", "ེʽ", "ཱʽ"
      },
      .consonants = {
        9538, 9543, 9548, 9553, 9558, 9563, 9568, 9573, 9578, 9583, // "ཀ", "ཁ", "ག", "གྷ", "ང", "ཙ", "ཚ", "ཛ", "ཛྷ", "ཉ"
        9588, 9593, 9598, 9603, 9608, 9613, 9618, 9623, 9628, 9633, // "ཊ", "ཋ", "ཌ", "ཌྷ", "ཎ", "ཏ", "ཐ", "ད", "དྷ", "ན"
        9638, 9643, 9648, 9653, 9658, 9663, 9668, 9673, 9678, 9683, // "པ", "ཕ", "བ", "བྷ", "མ", "ཡ", "ར", "ལ", "ཝ", "ཤ"
        9688, 9693, 9698, 9703, 9711, 9719, 9727, 9735, 9743, 9751, // "ཥ", "ས", "ཧ", "ལ༹", "ཥ༹", "ར༹", "ན༹", "ཀ༹", "ཁ༹", "ག༹"
        9759, 9764, 9772, 9780, 9788, 9796, 9806, 9816, 9826, 9836, // "ཟ", "ཌ༹", "ཌྷ༹", "ཕ༹", "ཡ༹", "ྃཀʽ", "ྃཛʽ", "ྃཌʽ", "ྃདʽ", "ྃབʽ"
      },
      .otherDiacritics = {
        9846, 9851, 9856, 9861, // "ྃ", "ཾ", "ཿ", "ཿʽ"
      },
      .symbols = {
        9868, 9873, 9878, 9883, 9888, 9893, 9898, 9903, 9908, 9913, // "༠", "༡", "༢", "༣", "༤", "༥", "༦", "༧", "༨", "༩"
        9918, 9923, 9928, // "ༀ", "།", "༎"
      },
      .vedicSymbols = {
        9933, 599, 604, // "྅", "ꣳ", "ꣴ"
      },
    },
    .aliases = {5, 0},
    .equivalents = {294, 0},
    .languages = {1, 0},
  },
  ScriptMetadataRecord{
    .name = 9995, // "titus"
    .type = ScriptType::Latin,
    .flags = 0,
    .characters = {
      .vowels = {
        3068, 3383, 3074, 3387, 3080, 3391, 3902, 3907, 3914, 3919, // "a", "ā", "i", "ī", "u", "ū", "r̥", "r̥̄", "l̥", "l̥̄"
        3415, 3105, 3108, 3419, 3115, 3118, 3423, 3427, 3431, // "ĕ", "e", "ai", "ŏ", "o", "au", "æ", "ǣ", "ô"
      },
      .vowelMarks = {
        3134, 3383, 3074, 3387, 3080, 3391, 3902, 3907, 3914, 3919, // "", "ā", "i", "ī", "u", "ū", "r̥", "r̥̄", "l̥", "l̥̄"
        3415, 3105, 3108, 3419, 3115, 3118, 3423, 3427, 3431, // "ĕ", "e", "ai", "ŏ", "o", "au", "æ", "ǣ", "ô"
      },
      .consonants = {
        3136, 3671, 3143, 3676, 3435, 3153, 9947, 3160, 9952, 3440, // "k", "kʰ", "g", "gʰ", "ṅ", "c", "cʰ", "j", "jʰ", "ñ"
        3444, 9957, 3455, 9964, 3466, 3187, 9971, 3194, 9976, 3201, // "ṭ", "ṭʰ", "ḍ", "ḍʰ", "ṇ", "t", "tʰ", "d", "dʰ", "n"
        3204, 3774, 3211, 3779, 3218, 3221, 3224, 3227, 3230, 3471, // "p", "pʰ", "b", "bʰ", "m", "y", "r", "l", "v", "ś"
        3475, 3239, 3242, 3405, 3485, 3490, 3495, 3259, 9981, 3506, // "ṣ", "s", "h", "ḷ", "ḻ", "ṟ", "ṉ", "q", "k͟ʰ", "ġ"
        3233, 3395, 9988, 3283, 3521, 3526, 3532, 3538, 3546, 3552, // "z", "ṛ", "ṛʰ", "f", "ẏ", "n̆g", "n̆j", "n̆ḍ", "n̆d", "m̆b"
      },
      .otherDiacritics = {
        3558, 3563, 3568, 3573, // "m̐", "ṃ", "ḥ", "ḵ"
      },
      .symbols = {
        3326, 3329, 3332, 3335, 3338, 3341, 3344, 3347, 3350, 3353, // "0", "1", "2", "3", "4", "5", "6", "7", "8", "9"
        3578, 3360, 3363, // "oṃ", ".", ".."
      },
      .vedicSymbols = {
        1244, 3367, 3372, // "'", "gͫ", "gͫ̄"
      },
    },
    .aliases = {5, 0},
    .equivalents = {294, 26},
    .languages = {1, 0},
  },
  ScriptMetadataRecord{
    .name = 10120, // "velthuis"
    .type = ScriptType::Latin,
    .flags = 0,
    .characters = {
      .vowels = {
        3068, 3962, 3074, 10002, 3080, 3970, 10006, 10010, 10015, 10019, // "a", "aa", "i", "ii", "u", "uu", ".r", ".rr", ".l", ".ll"
        3102, 3105, 3108, 10024, 3115, 3118, 3122, 3126, 3130, // "E", "e", "ai", ".O", "o", "au", "aE", "AE", "aO"
      },
      .vowelMarks = {
        3134, 3962, 3074, 10002, 3080, 3970, 10006, 10010, 10015, 10019, // "", "aa", "i", "ii", "u", "uu", ".r", ".rr", ".l", ".ll"
        3102, 3105, 3108, 10024, 3115, 3118, 3122, 3126, 3130, // "E", "e", "ai", ".O", "o", "au", "aE", "AE", "aO"
      },
      .consonants = {
        3136, 3139, 3143, 3146, 10028, 3153, 3156, 3160, 3163, 4026, // "k", "kh", "g", "gh", "\"n", "c", "ch", "j", "jh", "~n"
        10032, 10036, 10041, 10045, 10050, 3187, 3190, 3194, 3197, 3201, // ".t", ".th", ".d", ".dh", ".n", "t", "th", "d", "dh", "n"
        3204, 3207, 3211, 3214, 3218, 3221, 3224, 3227, 3230, 10054, // "p", "ph", "b", "bh", "m", "y", "r", "l", "v", "\"s"
        10058, 3239, 3242, 3245, 10062, 10066, 10070, 3259, 10074, 10079, // ".s", "s", "h", "L", "_l", "_r", "_n", "q", "_kh", ".g"
        3233, 10083, 10088, 3283, 10094, 3289, 3294, 10098, 3304, 3309, // "z", "..r", "..rh", "f", ".y", "n*g", "n*j", "n*.d", "n*d", "m*b"
      },
      .otherDiacritics = {
        10104, 10108, 10112, 10116, // "~m", ".m", ".h", "_k"
      },
      .symbols = {
        3326, 3329, 3332, 3335, 3338, 3341, 3344, 3347, 3350, 3353, // "0", "1", "2", "3", "4", "5", "6", "7", "8", "9"
        3112, 3360, 3363, // "O", ".", ".."
      },
      .vedicSymbols = {
        4067, 3367, 3372, // ".a", "gͫ", "gͫ̄"
      },
    },
    .aliases = {5, 0},
    .equivalents = {320, 19},
    .languages = {1, 0},
  },
  ScriptMetadataRecord{
    .name = 10245, // "wx"
    .type = ScriptType::Latin,
    .flags = 0,
    .characters = {
      .vowels = {
        3068, 3071, 3074, 3077, 3080, 3083, 3259, 10130, 3245, 10134, // "a", "A", "i", "I", "u", "U", "q", "qV", "L", "LV"
        10138, 3105, 3102, 10142, 3115, 3112, 10146, 10151, 10156, // "eV", "e", "E", "oV", "o", "O", "aEV", "AEV", "aOV"
      },
      .vowelMarks = {
        3134, 3071, 3074, 3077, 3080, 3083, 3259, 10130, 3245, 10134, // "", "A", "i", "I", "u", "U", "q", "qV", "L", "LV"
        10138, 3105, 3102, 10142, 3115, 3112, 10146, 10151, 10156, // "eV", "e", "E", "oV", "o", "O", "aEV", "AEV", "aOV"
      },
      .consonants = {
        3136, 3323, 3143, 3150, 3283, 3153, 7152, 3160, 3167, 7126, // "k", "K", "g", "G", "f", "c", "C", "j", "J", "F"
        3187, 3170, 3194, 3177, 3184, 7155, 7158, 3817, 7129, 3201, // "t", "T", "d", "D", "N", "w", "W", "x", "X", "n"
        3204, 7164, 3211, 7167, 3218, 3221, 3224, 3227, 3230, 3236, // "p", "P", "b", "B", "m", "y", "r", "l", "v", "S"
        3086, 3239, 3242, 10161, 10165, 10170, 10174, 10178, 10182, 10186, // "R", "s", "h", "lY", "lYY", "rY", "nY", "kY", "KY", "GY"
        10190, 10194, 10198, 10202, 10206, 10210, 10216, 10222, 10228, 10234, // "zY", "dY", "DY", "PY", "yY", "nYYg", "nYYj", "nYYd", "nYYx", "mYYb"
      },
      .otherDiacritics = {
        3233, 3317, 3320, 10240, // "z", "M", "H", "kYY"
      },
      .symbols = {
        3326, 3329, 3332, 3335, 3338, 3341, 3344, 3347, 3350, 3353, // "0", "1", "2", "3", "4", "5", "6", "7", "8", "9"
        3356, 3360, 3363, // "oM", ".", ".."
      },
      .vedicSymbols = {
        3248, 3367, 3372, // "Z", "gͫ", "gͫ̄"
      },
    },
    .aliases = {5, 0},
    .equivalents = {339, 2},
    .languages = {1, 0},
  },
}};

} // namespace inditrans::generated

